round,matchId,homeTeamName,awayTeamName,homeTeamId,awayTeamId,home_xG_att_90,home_SoT_att_90,home_BigCh_att_90,home_Corn_att_90,home_ToB_att_90,home_xGA_def_90,home_SoT_agst_90,home_BigCh_agst_90,away_xG_att_90,away_SoT_att_90,away_BigCh_att_90,away_Corn_att_90,away_ToB_att_90,away_xGA_def_90,away_SoT_agst_90,away_BigCh_agst_90,TempoSum,SoTSum,AttackVsDefense,xG_att_sum,xG_att_min,BigCh_sum,LeagueAvg_xG_perMatch_sofar,LeagueAvg_SoT_perMatch_sofar,LeagueAvg_Corners_perMatch_sofar
0,4506263,Manchester United,Fulham,10260,9879,,,,,,,,,,,,,,,,,,,,,,,,,
0,4506264,Ipswich Town,Liverpool,9902,8650,,,,,,,,,,,,,,,,,,,,,,,,,
0,4506265,Arsenal,Wolverhampton Wanderers,9825,8602,,,,,,,,,,,,,,,,,,,,,,,,,
0,4506266,Everton,Brighton & Hove Albion,8668,10204,,,,,,,,,,,,,,,,,,,,,,,,,
0,4506267,Newcastle United,Southampton,10261,8466,,,,,,,,,,,,,,,,,,,,,,,,,
0,4506268,Nottingham Forest,AFC Bournemouth,10203,8678,,,,,,,,,,,,,,,,,,,,,,,,,
0,4506269,West Ham United,Aston Villa,8654,10252,,,,,,,,,,,,,,,,,,,,,,,,,
0,4506270,Brentford,Crystal Palace,9937,9826,,,,,,,,,,,,,,,,,,,,,,,,,
0,4506272,Leicester City,Tottenham Hotspur,8197,8586,,,,,,,,,,,,,,,,,,,,,,,,,
0,4506271,Chelsea,Manchester City,8455,8456,,,,,,,,,,,,,,,,,,,,,,,,,
1,4506273,AFC Bournemouth,Newcastle United,8678,10261,,,,,,,,,,,,,,,,,,,,,,,2.5360000000000005,8.1,10.7
1,4506274,Aston Villa,Arsenal,10252,9825,,,,,,,,,,,,,,,,,,,,,,,2.5360000000000005,8.1,10.7
1,4506281,Tottenham Hotspur,Everton,8586,8668,,,,,,,,,,,,,,,,,,,,,,,2.5360000000000005,8.1,10.7
1,4506282,Wolverhampton Wanderers,Chelsea,8602,8455,,,,,,,,,,,,,,,,,,,,,,,2.5360000000000005,8.1,10.7
1,4506276,Crystal Palace,West Ham United,9826,8654,,,,,,,,,,,,,,,,,,,,,,,2.5360000000000005,8.1,10.7
1,4506275,Brighton & Hove Albion,Manchester United,10204,10260,,,,,,,,,,,,,,,,,,,,,,,2.5360000000000005,8.1,10.7
1,4506277,Fulham,Leicester City,9879,8197,,,,,,,,,,,,,,,,,,,,,,,2.5360000000000005,8.1,10.7
1,4506278,Liverpool,Brentford,8650,9937,,,,,,,,,,,,,,,,,,,,,,,2.5360000000000005,8.1,10.7
1,4506279,Manchester City,Ipswich Town,8456,9902,,,,,,,,,,,,,,,,,,,,,,,2.5360000000000005,8.1,10.7
1,4506280,Southampton,Nottingham Forest,8466,10203,,,,,,,,,,,,,,,,,,,,,,,2.5360000000000005,8.1,10.7
2,4506289,Manchester United,Liverpool,10260,8650,,,,,,,,,,,,,,,,,,,,,,,2.8300000000000005,8.3,11.0
2,4506290,Newcastle United,Tottenham Hotspur,10261,8586,,,,,,,,,,,,,,,,,,,,,,,2.8300000000000005,8.3,11.0
2,4506284,Brentford,Southampton,9937,8466,,,,,,,,,,,,,,,,,,,,,,,2.8300000000000005,8.3,11.0
2,4506283,Arsenal,Brighton & Hove Albion,9825,10204,,,,,,,,,,,,,,,,,,,,,,,2.8300000000000005,8.3,11.0
2,4506285,Chelsea,Crystal Palace,8455,9826,,,,,,,,,,,,,,,,,,,,,,,2.8300000000000005,8.3,11.0
2,4506286,Everton,AFC Bournemouth,8668,8678,,,,,,,,,,,,,,,,,,,,,,,2.8300000000000005,8.3,11.0
2,4506287,Ipswich Town,Fulham,9902,9879,,,,,,,,,,,,,,,,,,,,,,,2.8300000000000005,8.3,11.0
2,4506288,Leicester City,Aston Villa,8197,10252,,,,,,,,,,,,,,,,,,,,,,,2.8300000000000005,8.3,11.0
2,4506291,Nottingham Forest,Wolverhampton Wanderers,10203,8602,,,,,,,,,,,,,,,,,,,,,,,2.8300000000000005,8.3,11.0
2,4506292,West Ham United,Manchester City,8654,8456,,,,,,,,,,,,,,,,,,,,,,,2.8300000000000005,8.3,11.0
3,4506293,AFC Bournemouth,Chelsea,8678,8455,,,,,,,,,,,,,,,,,,,,,,,2.9090000000000003,8.8,10.966666666666667
3,4506294,Aston Villa,Everton,10252,8668,,,,,,,,,,,,,,,,,,,,,,,2.9090000000000003,8.8,10.966666666666667
3,4506296,Crystal Palace,Leicester City,9826,8197,,,,,,,,,,,,,,,,,,,,,,,2.9090000000000003,8.8,10.966666666666667
3,4506295,Brighton & Hove Albion,Ipswich Town,10204,9902,,,,,,,,,,,,,,,,,,,,,,,2.9090000000000003,8.8,10.966666666666667
3,4506301,Tottenham Hotspur,Arsenal,8586,9825,,,,,,,,,,,,,,,,,,,,,,,2.9090000000000003,8.8,10.966666666666667
3,4506302,Wolverhampton Wanderers,Newcastle United,8602,10261,,,,,,,,,,,,,,,,,,,,,,,2.9090000000000003,8.8,10.966666666666667
3,4506298,Liverpool,Nottingham Forest,8650,10203,,,,,,,,,,,,,,,,,,,,,,,2.9090000000000003,8.8,10.966666666666667
3,4506297,Fulham,West Ham United,9879,8654,,,,,,,,,,,,,,,,,,,,,,,2.9090000000000003,8.8,10.966666666666667
3,4506299,Manchester City,Brentford,8456,9937,,,,,,,,,,,,,,,,,,,,,,,2.9090000000000003,8.8,10.966666666666667
3,4506300,Southampton,Manchester United,8466,10260,,,,,,,,,,,,,,,,,,,,,,,2.9090000000000003,8.8,10.966666666666667
4,4506303,Aston Villa,Wolverhampton Wanderers,10252,8602,,,,,,,,,,,,,,,,,,,,,,,2.8355,9.025,10.6
4,4506304,Brighton & Hove Albion,Nottingham Forest,10204,10203,,,,,,,,,,,,,,,,,,,,,,,2.8355,9.025,10.6
4,4506311,Tottenham Hotspur,Brentford,8586,9937,,,,,,,,,,,,,,,,,,,,,,,2.8355,9.025,10.6
4,4506312,West Ham United,Chelsea,8654,8455,,,,,,,,,,,,,,,,,,,,,,,2.8355,9.025,10.6
4,4506307,Leicester City,Everton,8197,8668,,,,,,,,,,,,,,,,,,,,,,,2.8355,9.025,10.6
4,4506308,Liverpool,AFC Bournemouth,8650,8678,,,,,,,,,,,,,,,,,,,,,,,2.8355,9.025,10.6
4,4506305,Crystal Palace,Manchester United,9826,10260,,,,,,,,,,,,,,,,,,,,,,,2.8355,9.025,10.6
4,4506306,Fulham,Newcastle United,9879,10261,,,,,,,,,,,,,,,,,,,,,,,2.8355,9.025,10.6
4,4506309,Manchester City,Arsenal,8456,9825,,,,,,,,,,,,,,,,,,,,,,,2.8355,9.025,10.6
4,4506310,Southampton,Ipswich Town,8466,9902,,,,,,,,,,,,,,,,,,,,,,,2.8355,9.025,10.6
5,4506319,Manchester United,Tottenham Hotspur,10260,8586,1.918,5.6,3.8,6.8,30.4,1.29,3.6,2.8,1.8199999999999998,7.0,3.4,10.6,47.0,1.084,3.4,1.6,16.338,12.6,1.3639999999999999,3.7379999999999995,1.8199999999999998,7.199999999999999,2.8782,9.56,10.62
5,4506320,Newcastle United,Manchester City,10261,8456,1.366,4.0,2.0,5.2,20.8,1.7619999999999998,6.0,2.8,2.292,7.2,3.6,8.8,48.0,0.732,2.8,1.4,14.858,11.2,1.1640000000000004,3.658,1.366,5.6,2.8782,9.56,10.62
5,4506317,Everton,Crystal Palace,8668,9826,1.0879999999999999,3.4,2.0,3.4,23.8,1.8020000000000003,5.8,4.2,1.3239999999999998,3.8,2.0,4.6,24.6,1.656,5.0,3.4,9.611999999999998,7.199999999999999,-1.0460000000000005,2.412,1.0879999999999999,4.0,2.8782,9.56,10.62
5,4506318,Ipswich Town,Aston Villa,9902,10252,0.646,2.8,1.0,4.6,13.6,2.218,4.6,4.0,1.7419999999999998,4.6,4.2,4.6,24.8,1.038,3.2,1.8,9.788,7.3999999999999995,-0.8680000000000003,2.388,0.646,5.2,2.8782,9.56,10.62
5,4506313,AFC Bournemouth,Southampton,8678,8466,1.7399999999999998,5.6,2.6,6.6,27.6,1.562,7.4,3.0,1.4180000000000001,3.6,2.4,5.2,28.2,1.968,6.4,4.0,12.357999999999999,9.2,-0.3720000000000001,3.158,1.4180000000000001,5.0,2.8782,9.56,10.62
5,4506314,Arsenal,Leicester City,9825,8197,1.1320000000000001,4.8,2.8,4.0,29.6,1.28,5.2,2.2,0.8,3.2,1.8,3.2,16.4,1.6320000000000001,5.4,3.2,9.932,8.0,-0.98,1.9320000000000002,0.8,4.6,2.8782,9.56,10.62
5,4506315,Brentford,West Ham United,9937,8654,1.3359999999999999,5.0,2.8,3.4,20.6,2.216,7.4,3.2,1.238,3.6,1.4,3.8,24.0,2.022,4.6,4.0,11.174,8.6,-1.6640000000000001,2.574,1.238,4.199999999999999,2.8782,9.56,10.62
5,4506316,Chelsea,Brighton & Hove Albion,8455,10204,1.6039999999999999,5.2,3.4,4.2,24.0,1.178,5.2,1.4,1.5879999999999999,4.6,2.4,6.8,33.0,1.158,3.2,2.0,12.991999999999999,9.8,0.8559999999999999,3.1919999999999997,1.5879999999999999,5.8,2.8782,9.56,10.62
5,4506321,Nottingham Forest,Fulham,10203,9879,1.33,5.4,2.4,4.4,23.6,0.8079999999999998,3.2,1.6,1.4,5.6,2.8,6.0,27.8,1.158,4.2,1.6,13.73,11.0,0.7640000000000002,2.73,1.33,5.199999999999999,2.8782,9.56,10.62
5,4506322,Wolverhampton Wanderers,Liverpool,8602,8650,0.982,3.8,2.0,3.8,20.4,1.4420000000000002,5.8,3.0,2.018,6.8,4.2,6.2,37.8,0.776,3.2,1.8,13.6,10.6,0.7819999999999996,3.0,0.982,6.2,2.8782,9.56,10.62
6,4506327,Chelsea,Nottingham Forest,8455,10203,2.234,6.0,4.6,5.0,24.2,1.246,5.2,1.8,1.23,4.0,2.2,5.2,24.4,0.8300000000000001,2.8,1.2,13.464,10.0,1.388,3.464,1.23,6.8,2.9100000000000006,9.55,10.766666666666667
6,4506328,Crystal Palace,Liverpool,9826,8650,1.2799999999999998,3.6,2.0,4.8,26.6,1.516,4.4,3.0,1.996,7.0,3.6,6.2,35.4,0.812,3.4,2.0,13.876,10.6,0.9479999999999995,3.276,1.2799999999999998,5.6,2.9100000000000006,9.55,10.766666666666667
6,4506331,Manchester City,Fulham,8456,9879,2.32,7.4,3.6,9.4,50.6,0.844,3.0,1.6,1.5779999999999998,5.6,3.0,5.4,28.2,0.8320000000000001,3.4,0.8,16.898,13.0,2.222,3.8979999999999997,1.5779999999999998,6.6,2.9100000000000006,9.55,10.766666666666667
6,4506332,West Ham United,Ipswich Town,8654,9902,0.944,3.6,0.8,4.0,26.6,1.69,4.6,3.4,0.792,3.4,1.8,6.2,14.6,1.8520000000000003,4.2,3.2,8.736,7.0,-1.8060000000000003,1.736,0.792,2.6,2.9100000000000006,9.55,10.766666666666667
6,4506323,Arsenal,Southampton,9825,8466,1.8039999999999998,6.8,4.2,5.8,35.0,1.25,5.2,2.0,1.184,3.4,2.0,3.6,21.8,2.192,7.4,4.0,13.188,10.2,-0.4540000000000004,2.9879999999999995,1.184,6.2,2.9100000000000006,9.55,10.766666666666667
6,4506324,Aston Villa,Manchester United,10252,10260,1.5,4.6,3.8,4.0,23.8,0.782,3.6,1.8,1.624,5.0,3.0,6.4,31.0,2.12,5.2,4.6,12.724,9.6,0.22199999999999998,3.124,1.5,6.8,2.9100000000000006,9.55,10.766666666666667
6,4506329,Everton,Newcastle United,8668,10261,1.176,3.6,2.2,4.2,23.4,1.7060000000000002,5.8,4.0,1.6300000000000001,4.6,2.2,5.6,23.0,1.59,6.4,2.4,11.006,8.2,-0.4900000000000002,2.806,1.176,4.4,2.9100000000000006,9.55,10.766666666666667
6,4506330,Leicester City,AFC Bournemouth,8197,8678,0.654,3.2,1.4,2.8,16.4,2.316,7.2,4.6,1.7700000000000002,6.0,2.2,6.6,28.4,1.422,6.4,3.0,11.624,9.2,-1.3139999999999996,2.4240000000000004,0.654,3.6,2.9100000000000006,9.55,10.766666666666667
6,4506325,Brentford,Wolverhampton Wanderers,9937,8602,1.092,4.6,2.4,4.0,22.4,2.18,6.8,3.2,1.014,3.8,2.0,3.8,20.4,1.7020000000000004,5.8,3.2,10.506,8.399999999999999,-1.7760000000000005,2.106,1.014,4.4,2.9100000000000006,9.55,10.766666666666667
6,4506326,Brighton & Hove Albion,Tottenham Hotspur,10204,8586,1.524,4.6,2.6,6.2,32.8,1.9,4.4,3.4,2.502,7.6,4.8,8.6,43.6,1.066,3.2,1.2,16.226,12.2,1.06,4.026,1.524,7.4,2.9100000000000006,9.55,10.766666666666667
7,4506395,Ipswich Town,Everton,9902,8668,0.8640000000000001,3.6,2.0,7.0,16.6,1.9420000000000002,5.8,4.0,1.1099999999999999,3.8,2.6,3.2,21.2,1.6300000000000001,5.0,3.0,9.373999999999999,7.4,-1.5980000000000003,1.974,0.8640000000000001,4.6,2.9597142857142855,9.6,10.82857142857143
7,4506396,Liverpool,Chelsea,8650,8455,1.7440000000000002,6.2,3.6,6.0,32.6,0.8299999999999998,4.0,2.0,2.3899999999999997,6.0,4.2,6.2,30.2,1.028,6.2,1.6,16.334,12.2,2.276,4.134,1.7440000000000002,7.800000000000001,2.9597142857142855,9.6,10.82857142857143
7,4506401,Tottenham Hotspur,West Ham United,8586,8654,2.284,6.8,3.8,7.6,43.4,1.218,3.8,2.0,1.424,5.6,2.4,4.4,27.8,1.5500000000000003,4.6,3.4,16.107999999999997,12.399999999999999,0.9399999999999995,3.7079999999999997,1.424,6.199999999999999,2.9597142857142855,9.6,10.82857142857143
7,4506402,Wolverhampton Wanderers,Manchester City,8602,8456,0.8320000000000001,4.2,1.2,3.4,21.6,2.216,6.6,3.8,1.966,7.8,2.8,9.0,48.6,1.3059999999999998,3.6,2.4,14.798,12.0,-0.724,2.798,0.8320000000000001,4.0,2.9597142857142855,9.6,10.82857142857143
7,4506397,Manchester United,Brentford,10260,9937,1.45,5.0,2.6,6.2,27.6,1.802,4.4,4.2,1.832,6.6,3.6,5.2,29.6,1.86,6.4,2.6,14.882,11.6,-0.3800000000000001,3.282,1.45,6.2,2.9597142857142855,9.6,10.82857142857143
7,4506398,Newcastle United,Brighton & Hove Albion,10261,10204,1.7020000000000004,4.2,1.6,5.8,25.0,1.272,6.0,2.4,1.458,4.4,3.0,6.2,31.6,1.8820000000000001,4.2,3.2,11.760000000000002,8.600000000000001,0.006000000000000227,3.16,1.458,4.6,2.9597142857142855,9.6,10.82857142857143
7,4506399,Nottingham Forest,Crystal Palace,10203,9826,0.914,4.2,1.8,3.8,22.2,1.294,4.2,1.8,1.138,4.2,2.0,4.8,23.8,1.5159999999999998,4.6,3.6,10.452000000000002,8.4,-0.7579999999999999,2.052,0.914,3.8,2.9597142857142855,9.6,10.82857142857143
7,4506400,Southampton,Leicester City,8466,8197,1.286,3.6,2.4,3.0,19.2,2.268,7.0,3.6,0.69,2.8,1.6,1.8,17.0,2.392,6.4,5.0,8.376000000000001,6.4,-2.6839999999999997,1.976,0.69,4.0,2.9597142857142855,9.6,10.82857142857143
7,4506393,AFC Bournemouth,Arsenal,8678,9825,1.75,5.6,2.8,6.8,29.8,1.242,5.8,2.6,2.1959999999999997,7.2,4.6,8.2,41.0,1.124,5.0,2.0,16.746,12.8,1.5799999999999996,3.9459999999999997,1.75,7.3999999999999995,2.9597142857142855,9.6,10.82857142857143
7,4506394,Fulham,Aston Villa,9879,10252,1.7420000000000002,5.2,3.4,4.6,27.2,1.024,4.0,0.8,1.344,4.2,3.4,4.4,25.4,0.72,3.6,1.4,12.486,9.4,1.3420000000000005,3.0860000000000003,1.344,6.8,2.9597142857142855,9.6,10.82857142857143
8,4506413,Leicester City,Nottingham Forest,8197,10203,1.242,3.0,2.2,2.8,22.0,2.512,6.8,4.8,1.058,4.4,2.2,3.6,22.0,1.34,5.0,1.4,9.7,7.4,-1.552,2.3,1.058,4.4,2.972125,9.6375,11.1625
8,4506410,Everton,Fulham,8668,9879,1.06,3.8,2.2,3.0,19.2,1.4060000000000001,4.0,2.4,1.908,5.2,3.8,4.6,28.2,1.27,4.2,1.0,11.968,9.0,0.2919999999999998,2.968,1.06,6.0,2.972125,9.6375,11.1625
8,4506417,West Ham United,Manchester United,8654,10260,1.434,6.0,2.6,4.8,27.2,1.334,4.4,2.8,1.4440000000000002,6.6,2.6,7.0,28.4,1.616,4.2,3.4,15.478,12.6,-0.07200000000000006,2.878,1.434,5.2,2.972125,9.6375,11.1625
8,4506415,Manchester City,Southampton,8456,8466,1.69,7.6,1.8,10.4,54.0,1.354,3.6,2.6,1.402,3.8,2.6,3.4,18.8,2.354,6.4,3.2,14.492,11.399999999999999,-0.6160000000000003,3.0919999999999996,1.402,4.4,2.972125,9.6375,11.1625
8,4506407,Chelsea,Newcastle United,8455,10261,2.114,5.0,3.8,6.4,31.4,1.3080000000000003,6.6,2.2,1.7399999999999998,4.8,2.0,6.2,31.2,1.244,5.8,2.8,13.654,9.8,1.3019999999999992,3.8539999999999996,1.7399999999999998,5.8,2.972125,9.6375,11.1625
8,4506409,Crystal Palace,Tottenham Hotspur,9826,8586,1.2239999999999998,5.0,2.0,5.2,24.0,1.394,4.4,3.2,2.416,7.0,3.8,7.8,42.0,1.008,4.0,2.0,15.64,12.0,1.2379999999999998,3.6399999999999997,1.2239999999999998,5.8,2.972125,9.6375,11.1625
8,4506405,Brentford,Ipswich Town,9937,9902,1.448,5.6,2.8,5.2,24.0,1.8119999999999998,7.4,2.8,1.0239999999999998,3.2,2.2,6.4,18.8,2.1000000000000005,6.6,4.2,11.271999999999998,8.8,-1.4400000000000006,2.4719999999999995,1.0239999999999998,5.0,2.972125,9.6375,11.1625
8,4506406,Brighton & Hove Albion,Wolverhampton Wanderers,10204,8602,1.33,4.6,3.2,5.6,27.4,1.8579999999999999,4.0,3.0,0.8779999999999999,4.0,1.2,3.0,19.8,2.332,7.0,3.6,10.808,8.6,-1.9819999999999998,2.208,0.8779999999999999,4.4,2.972125,9.6375,11.1625
8,4506403,Arsenal,Liverpool,9825,8650,1.904,6.0,4.0,8.4,39.2,1.136,5.0,2.0,1.7739999999999998,6.6,3.0,5.8,30.0,0.756,3.8,2.0,16.278,12.6,1.7859999999999998,3.678,1.7739999999999998,7.0,2.972125,9.6375,11.1625
8,4506404,Aston Villa,AFC Bournemouth,10252,8678,1.3699999999999999,4.2,3.0,5.8,26.4,0.986,3.8,2.0,1.6400000000000001,5.0,2.4,7.4,29.8,0.9800000000000001,4.4,2.0,12.21,9.2,1.0439999999999998,3.01,1.3699999999999999,5.4,2.972125,9.6375,11.1625
9,4506468,Newcastle United,Arsenal,10261,9825,1.798,4.2,2.2,5.6,31.4,1.32,6.2,2.6,1.94,5.8,4.0,7.4,41.0,1.156,4.8,2.4,13.738,10.0,1.2619999999999998,3.738,1.798,6.2,2.974111111111112,9.633333333333333,11.188888888888888
9,4506467,Manchester United,Chelsea,10260,8455,1.3780000000000001,5.6,2.6,6.6,27.4,1.9920000000000002,4.0,3.6,2.2819999999999996,5.8,3.8,7.2,33.4,1.316,5.8,2.6,15.059999999999999,11.399999999999999,0.3519999999999992,3.6599999999999997,1.3780000000000001,6.4,2.974111111111112,9.633333333333333,11.188888888888888
9,4506464,Fulham,Brentford,9879,9937,1.8519999999999999,4.8,3.2,4.4,27.0,1.276,4.6,1.0,2.0759999999999996,6.4,4.0,5.4,26.2,1.638,7.0,3.2,15.128,11.2,1.0139999999999996,3.9279999999999995,1.8519999999999999,7.2,2.974111111111112,9.633333333333333,11.188888888888888
9,4506463,AFC Bournemouth,Manchester City,8678,8456,1.348,4.2,2.2,7.6,27.6,1.188,5.4,2.4,1.846,7.8,2.2,10.4,54.6,1.204,3.0,2.6,15.193999999999999,12.0,0.8020000000000003,3.194,1.348,4.4,2.974111111111112,9.633333333333333,11.188888888888888
9,4506466,Liverpool,Brighton & Hove Albion,8650,10204,1.748,6.4,3.2,5.0,28.6,0.852,3.8,2.0,1.2600000000000002,4.6,3.0,5.6,26.6,2.0599999999999996,5.2,3.0,14.008000000000001,11.0,0.09600000000000064,3.008,1.2600000000000002,6.2,2.974111111111112,9.633333333333333,11.188888888888888
9,4506465,Ipswich Town,Leicester City,9902,8197,1.214,4.0,2.8,7.0,21.2,2.588,7.2,5.0,1.1480000000000001,2.4,1.8,3.6,24.2,2.348,7.0,4.8,8.762,6.4,-2.574,2.362,1.1480000000000001,4.6,2.974111111111112,9.633333333333333,11.188888888888888
9,4506471,Tottenham Hotspur,Aston Villa,8586,10252,2.4219999999999997,6.6,4.2,8.0,41.2,1.016,4.4,1.8,1.3079999999999998,4.2,2.4,6.4,27.0,0.868,4.0,1.6,14.529999999999998,10.8,1.8459999999999996,3.7299999999999995,1.3079999999999998,6.6,2.974111111111112,9.633333333333333,11.188888888888888
9,4506472,Wolverhampton Wanderers,Crystal Palace,8602,9826,0.9040000000000001,4.4,1.0,3.4,20.6,2.29,7.0,3.6,0.8700000000000001,5.4,1.4,5.8,20.6,1.2959999999999998,4.2,3.0,11.574000000000002,9.8,-1.8119999999999996,1.7740000000000002,0.8700000000000001,2.4,2.974111111111112,9.633333333333333,11.188888888888888
9,4506469,Nottingham Forest,West Ham United,10203,8654,1.316,4.8,2.6,4.6,27.0,1.3039999999999998,4.2,1.4,1.8820000000000001,6.0,3.2,5.6,30.6,1.494,4.4,3.0,13.998000000000001,10.8,0.40000000000000036,3.1980000000000004,1.316,5.800000000000001,2.974111111111112,9.633333333333333,11.188888888888888
9,4506470,Southampton,Everton,8466,8668,1.2200000000000002,3.4,2.2,3.6,18.0,2.41,6.0,3.0,1.038,4.4,2.0,3.4,19.6,1.234,3.0,1.4,10.058,7.800000000000001,-1.386,2.258,1.038,4.2,2.974111111111112,9.633333333333333,11.188888888888888
10,4506477,Liverpool,Aston Villa,8650,10252,1.666,5.4,3.2,6.2,28.2,0.8379999999999999,3.6,1.8,1.334,3.6,2.2,6.0,23.8,1.254,4.4,2.2,12.0,9.0,0.9080000000000001,3.0,1.334,5.4,2.960200000000001,9.59,11.26
10,4506478,Manchester United,Leicester City,10260,8197,1.434,5.2,2.4,5.2,25.2,2.0119999999999996,3.8,3.2,1.326,3.2,2.2,3.6,26.4,2.3280000000000003,6.4,4.6,11.16,8.4,-1.5799999999999998,2.76,1.326,4.6,2.960200000000001,9.59,11.26
10,4506475,Chelsea,Arsenal,8455,9825,2.066,5.4,3.0,7.8,33.0,1.5420000000000003,5.2,3.4,2.016,5.4,3.6,8.2,45.6,0.8240000000000001,3.4,1.6,14.882,10.8,1.7159999999999997,4.082,2.016,6.6,2.960200000000001,9.59,11.26
10,4506476,Crystal Palace,Fulham,9826,9879,1.17,6.0,1.6,6.2,23.0,1.262,4.2,2.8,1.6640000000000001,5.0,2.4,5.4,29.2,1.0859999999999999,4.0,1.0,13.834,11.0,0.4860000000000002,2.834,1.17,4.0,2.960200000000001,9.59,11.26
10,4506481,West Ham United,Everton,8654,8668,1.7380000000000002,5.0,3.2,5.6,25.2,1.4899999999999998,4.6,2.6,1.1300000000000001,4.4,2.0,4.4,20.0,1.25,3.0,1.2,12.268,9.4,0.12800000000000056,2.8680000000000003,1.1300000000000001,5.2,2.960200000000001,9.59,11.26
10,4506482,Wolverhampton Wanderers,Southampton,8602,8466,1.108,4.8,1.8,3.0,20.8,2.446,7.6,3.4,0.8699999999999999,3.2,1.6,3.8,17.8,2.384,5.8,3.2,9.978,8.0,-2.8520000000000003,1.978,0.8699999999999999,3.4000000000000004,2.960200000000001,9.59,11.26
10,4506479,Nottingham Forest,Newcastle United,10203,10261,1.466,5.4,2.8,6.4,30.6,1.13,4.0,1.0,1.594,4.0,2.2,6.4,30.6,1.072,4.2,1.8,12.46,9.4,0.8580000000000001,3.06,1.466,5.0,2.960200000000001,9.59,11.26
10,4506480,Tottenham Hotspur,Ipswich Town,8586,9902,2.206,5.8,3.4,7.4,33.4,1.2280000000000002,3.4,2.2,1.076,3.2,2.8,5.8,21.6,2.4,7.8,5.0,12.282,9.0,-0.3460000000000001,3.282,1.076,6.199999999999999,2.960200000000001,9.59,11.26
10,4506473,Brentford,AFC Bournemouth,9937,8678,2.034,5.6,3.8,5.2,24.4,1.204,7.4,2.0,1.54,4.2,3.0,6.4,25.8,1.088,3.6,2.2,13.373999999999999,9.8,1.2819999999999998,3.574,1.54,6.8,2.960200000000001,9.59,11.26
10,4506474,Brighton & Hove Albion,Manchester City,10204,8456,1.262,5.0,2.8,5.2,25.2,2.106,6.2,3.4,1.722,6.4,1.8,10.8,53.0,1.478,3.6,3.2,14.384,11.4,-0.5999999999999999,2.984,1.262,4.6,2.960200000000001,9.59,11.26
11,4506535,Aston Villa,Crystal Palace,10252,9826,1.446,3.4,2.8,7.8,25.8,1.422,4.4,2.2,1.284,6.0,2.2,4.8,20.0,1.45,5.2,3.2,12.129999999999999,9.4,-0.1419999999999999,2.73,1.284,5.0,2.9564545454545454,9.472727272727273,11.081818181818182
11,4506536,Everton,Brentford,8668,9937,1.174,4.8,1.8,4.6,22.0,1.226,3.2,1.4,2.2560000000000002,6.2,4.0,5.0,25.8,1.5279999999999998,7.4,2.4,14.43,11.0,0.6760000000000004,3.43,1.174,5.8,2.9564545454545454,9.472727272727273,11.081818181818182
11,4506542,Southampton,Liverpool,8466,8650,0.882,2.6,1.6,4.8,18.4,2.362,5.4,3.2,1.562,5.2,3.4,4.6,26.6,0.9879999999999999,3.4,2.6,10.244,7.800000000000001,-0.9059999999999999,2.444,0.882,5.0,2.9564545454545454,9.472727272727273,11.081818181818182
11,4506541,Newcastle United,West Ham United,10261,8654,1.6199999999999999,4.4,2.2,6.4,32.2,1.016,3.6,2.0,1.706,5.6,3.4,5.8,21.2,1.638,4.8,2.4,13.326,10.0,0.6719999999999999,3.3259999999999996,1.6199999999999999,5.6,2.9564545454545454,9.472727272727273,11.081818181818182
11,4506537,Fulham,Wolverhampton Wanderers,9879,8602,1.764,6.0,2.8,6.0,30.8,1.23,4.8,1.8,1.234,5.0,1.8,2.8,21.0,2.07,6.4,3.0,13.998000000000001,11.0,-0.3019999999999998,2.998,1.234,4.6,2.9564545454545454,9.472727272727273,11.081818181818182
11,4506538,Ipswich Town,Manchester United,9902,10260,1.1640000000000001,2.8,2.8,4.2,21.8,2.5460000000000003,8.2,5.0,1.3940000000000001,5.4,2.6,4.4,23.6,1.22,2.8,1.6,10.758000000000001,8.2,-1.208,2.5580000000000003,1.1640000000000001,5.4,2.9564545454545454,9.472727272727273,11.081818181818182
11,4506539,Leicester City,Chelsea,8197,8455,1.388,3.6,2.4,4.6,26.4,1.56,3.8,3.0,1.5420000000000003,4.6,1.8,7.0,32.0,1.6300000000000001,4.8,3.6,11.129999999999999,8.2,-0.26,2.93,1.388,4.2,2.9564545454545454,9.472727272727273,11.081818181818182
11,4506540,Manchester City,Tottenham Hotspur,8456,8586,1.9840000000000004,6.4,2.6,10.4,50.6,1.6219999999999999,3.6,4.4,1.5979999999999999,4.8,2.0,9.2,31.6,1.36,3.6,3.0,14.782,11.2,0.6000000000000005,3.5820000000000003,1.5979999999999999,4.6,2.9564545454545454,9.472727272727273,11.081818181818182
11,4506533,AFC Bournemouth,Brighton & Hove Albion,8678,10204,1.7879999999999998,3.6,3.4,6.0,27.2,1.264,4.2,2.4,1.4979999999999998,4.8,3.8,4.8,23.6,1.7180000000000004,6.0,3.0,11.686,8.4,0.30399999999999916,3.2859999999999996,1.4979999999999998,7.199999999999999,2.9564545454545454,9.472727272727273,11.081818181818182
11,4506534,Arsenal,Nottingham Forest,9825,10203,1.4060000000000001,2.8,2.6,5.4,34.0,1.068,3.4,1.8,1.432,5.8,3.2,6.0,27.4,1.204,4.8,1.2,11.437999999999999,8.6,0.5660000000000001,2.838,1.4060000000000001,5.800000000000001,2.9564545454545454,9.472727272727273,11.081818181818182
12,4506420,Tottenham Hotspur,Fulham,8586,9879,1.832,5.6,3.0,8.4,28.6,1.436,3.8,3.0,1.4500000000000002,5.8,2.0,6.8,30.2,1.1800000000000002,4.4,2.0,14.681999999999999,11.399999999999999,0.6660000000000004,3.282,1.4500000000000002,5.0,2.9675000000000002,9.483333333333333,11.025
12,4506419,Nottingham Forest,Ipswich Town,10203,9902,1.324,4.0,2.4,5.6,25.8,0.95,4.6,0.8,1.3519999999999999,3.6,3.0,4.0,20.8,1.948,6.4,3.6,10.276,7.6,-0.22199999999999998,2.676,1.324,5.4,2.9675000000000002,9.483333333333333,11.025
12,4506418,Manchester United,Everton,10260,8668,1.442,5.4,3.0,4.4,24.6,1.438,3.8,2.2,1.28,5.4,1.6,6.6,27.4,1.036,3.0,1.6,13.522,10.8,0.248,2.722,1.28,4.6,2.9675000000000002,9.483333333333333,11.025
12,4506416,Liverpool,Manchester City,8650,8456,1.9140000000000001,6.6,4.0,5.0,31.2,1.116,3.4,2.8,2.0980000000000003,6.0,3.2,10.6,51.4,1.6039999999999999,4.2,4.6,16.612000000000002,12.6,1.2920000000000003,4.0120000000000005,1.9140000000000001,7.2,2.9675000000000002,9.483333333333333,11.025
12,4506414,Crystal Palace,Newcastle United,9826,10261,1.408,6.2,2.6,4.4,21.6,1.794,5.4,3.2,1.5379999999999998,4.2,2.4,6.0,31.8,1.044,4.4,1.6,13.346,10.4,0.10799999999999965,2.9459999999999997,1.408,5.0,2.9675000000000002,9.483333333333333,11.025
12,4506412,Chelsea,Aston Villa,8455,10252,1.6,4.4,2.0,6.6,29.4,1.6780000000000002,3.2,3.0,1.968,4.2,3.6,8.6,30.4,1.5619999999999998,4.8,3.0,12.168,8.600000000000001,0.32800000000000007,3.568,1.6,5.6,2.9675000000000002,9.483333333333333,11.025
12,4506411,Brighton & Hove Albion,Southampton,10204,8466,1.334,4.8,3.4,4.0,21.0,1.7759999999999998,6.4,3.6,1.008,3.2,1.8,5.2,20.2,2.426,6.4,3.8,10.341999999999999,8.0,-1.8599999999999999,2.342,1.008,5.2,2.9675000000000002,9.483333333333333,11.025
12,4506408,Brentford,Leicester City,9937,8197,1.626,4.2,2.8,3.8,19.6,1.558,7.2,2.4,1.452,3.4,2.2,5.0,25.6,1.6780000000000002,4.8,2.8,10.678,7.6,-0.15800000000000036,3.078,1.452,5.0,2.9675000000000002,9.483333333333333,11.025
12,4506422,Wolverhampton Wanderers,AFC Bournemouth,8602,8678,1.288,4.8,2.0,2.6,19.4,1.426,4.6,1.6,1.682,4.2,3.2,5.6,28.2,1.294,4.6,2.4,11.969999999999999,9.0,0.25,2.9699999999999998,1.288,5.2,2.9675000000000002,9.483333333333333,11.025
12,4506421,West Ham United,Arsenal,8654,9825,1.11,4.2,1.6,5.4,19.2,1.8359999999999999,4.8,2.4,1.078,3.0,2.0,4.4,30.6,1.004,3.0,1.4,9.388,7.2,-0.6519999999999997,2.188,1.078,3.6,2.9675000000000002,9.483333333333333,11.025
13,4506426,Everton,Wolverhampton Wanderers,8668,8602,1.048,4.2,1.2,5.6,24.6,1.0,3.6,1.8,1.1860000000000002,5.0,2.0,3.0,22.2,1.7600000000000002,4.8,2.4,11.434000000000001,9.2,-0.526,2.234,1.048,3.2,2.9734615384615384,9.430769230769231,11.046153846153846
13,4506425,Aston Villa,Brentford,10252,9937,1.8780000000000001,4.0,3.6,7.2,28.8,1.5439999999999998,5.6,2.6,1.934,5.0,3.2,4.4,22.8,1.504,5.6,2.0,12.812000000000001,9.0,0.764,3.8120000000000003,1.8780000000000001,6.800000000000001,2.9734615384615384,9.430769230769231,11.046153846153846
13,4506424,Arsenal,Manchester United,9825,10260,1.6620000000000001,4.2,2.6,5.6,32.6,0.9480000000000001,3.2,1.2,1.3900000000000001,4.2,3.0,3.0,22.0,1.3820000000000001,3.8,2.0,11.452000000000002,8.4,0.7220000000000001,3.0520000000000005,1.3900000000000001,5.6,2.9734615384615384,9.430769230769231,11.046153846153846
13,4506423,AFC Bournemouth,Tottenham Hotspur,8678,8586,1.9759999999999998,5.0,3.4,5.0,26.6,1.2499999999999998,5.0,2.4,1.6039999999999999,4.8,3.0,7.2,23.2,1.596,4.2,3.2,13.379999999999999,9.8,0.7339999999999998,3.5799999999999996,1.6039999999999999,6.4,2.9734615384615384,9.430769230769231,11.046153846153846
13,4506427,Fulham,Brighton & Hove Albion,9879,10204,1.4100000000000001,6.2,1.8,7.8,32.6,1.0,4.0,2.0,1.4460000000000002,4.8,3.2,4.6,27.4,1.574,5.6,3.0,13.856000000000002,11.0,0.28200000000000025,2.8560000000000003,1.4100000000000001,5.0,2.9734615384615384,9.430769230769231,11.046153846153846
13,4506428,Ipswich Town,Crystal Palace,9902,9826,1.22,3.8,2.6,4.4,19.8,1.936,5.8,3.4,1.566,5.6,3.6,4.8,21.8,1.4499999999999997,4.2,2.6,12.186,9.399999999999999,-0.5999999999999996,2.786,1.22,6.2,2.9734615384615384,9.430769230769231,11.046153846153846
13,4506429,Leicester City,West Ham United,8197,8654,1.0219999999999998,3.2,1.6,4.6,20.4,1.7280000000000002,4.6,3.0,1.262,4.4,1.6,4.8,18.4,2.1719999999999997,4.8,3.0,9.884,7.6000000000000005,-1.616,2.284,1.0219999999999998,3.2,2.9734615384615384,9.430769230769231,11.046153846153846
13,4506430,Manchester City,Nottingham Forest,8456,10203,1.9420000000000002,5.0,3.4,7.8,40.4,2.1239999999999997,5.2,5.2,1.308,3.8,2.2,6.0,23.8,0.874,3.8,0.8,12.05,8.8,0.25200000000000067,3.25,1.308,5.6,2.9734615384615384,9.430769230769231,11.046153846153846
13,4506431,Newcastle United,Liverpool,10261,8650,1.142,3.0,1.6,6.0,25.2,1.172,4.2,1.8,2.24,7.0,4.4,6.2,33.8,1.0859999999999999,3.4,2.4,13.382,10.0,1.1240000000000003,3.382,1.142,6.0,2.9734615384615384,9.430769230769231,11.046153846153846
13,4506432,Southampton,Chelsea,8466,8455,0.7799999999999999,2.2,1.4,4.4,18.6,2.12,6.6,3.6,1.7399999999999998,5.6,1.8,6.2,30.6,1.536,3.0,2.8,10.32,7.8,-1.1360000000000006,2.5199999999999996,0.7799999999999999,3.2,2.9734615384615384,9.430769230769231,11.046153846153846
14,4506433,Aston Villa,Southampton,10252,8466,2.002,4.4,3.8,7.4,30.2,1.682,5.2,2.8,1.05,2.6,2.0,5.2,19.8,2.616,7.6,5.2,10.052,7.0,-1.2460000000000002,3.0519999999999996,1.05,5.8,3.0162857142857145,9.478571428571428,11.085714285714285
14,4506434,Brentford,Newcastle United,9937,10261,1.314,3.4,2.0,4.6,21.6,1.73,6.6,2.0,1.198,3.6,1.8,6.2,24.6,1.248,3.8,2.4,9.512,7.0,-0.46599999999999997,2.512,1.198,3.8,3.0162857142857145,9.478571428571428,11.085714285714285
14,4506435,Crystal Palace,Manchester City,9826,8456,1.738,5.0,4.0,4.6,21.4,1.4000000000000001,4.0,2.4,1.834,4.8,3.4,7.0,38.0,2.29,5.4,5.2,13.372,9.8,-0.1180000000000001,3.572,1.738,7.4,3.0162857142857145,9.478571428571428,11.085714285714285
14,4506436,Everton,Liverpool,8668,8650,1.094,4.0,1.4,5.4,24.4,0.9040000000000001,3.4,2.0,2.476,7.2,4.8,6.8,35.4,1.3199999999999998,4.0,2.8,14.77,11.2,1.3459999999999999,3.5700000000000003,1.094,6.199999999999999,3.0162857142857145,9.478571428571428,11.085714285714285
14,4506440,Manchester United,Nottingham Forest,10260,10203,0.966,3.6,2.0,2.0,16.6,1.214,4.4,2.2,1.17,3.4,1.6,5.0,20.6,1.204,5.0,1.4,9.136000000000001,7.0,-0.28200000000000003,2.136,0.966,3.6,3.0162857142857145,9.478571428571428,11.085714285714285
14,4506439,Leicester City,Brighton & Hove Albion,8197,10204,1.204,4.2,2.8,4.0,19.0,2.002,5.6,3.2,1.478,4.2,3.4,4.0,24.6,1.432,4.6,3.0,11.082,8.4,-0.7519999999999998,2.682,1.204,6.199999999999999,3.0162857142857145,9.478571428571428,11.085714285714285
14,4506437,Fulham,Arsenal,9879,9825,1.288,6.0,1.8,8.4,31.8,1.136,3.6,2.4,1.9100000000000001,4.8,3.2,8.0,33.2,0.8300000000000001,2.8,0.8,13.998000000000001,10.8,1.2320000000000004,3.1980000000000004,1.288,5.0,3.0162857142857145,9.478571428571428,11.085714285714285
14,4506438,Ipswich Town,AFC Bournemouth,9902,8678,1.058,3.2,2.0,4.2,18.4,1.444,4.6,2.6,2.656,6.0,4.8,4.6,28.8,1.062,4.2,2.0,12.914000000000001,9.2,1.2080000000000002,3.7140000000000004,1.058,6.8,3.0162857142857145,9.478571428571428,11.085714285714285
14,4506442,West Ham United,Wolverhampton Wanderers,8654,8602,1.282,5.8,1.8,5.4,23.8,2.038,5.0,3.4,1.07,4.0,2.2,2.6,19.0,1.702,4.4,2.4,12.152000000000001,9.8,-1.3879999999999997,2.3520000000000003,1.07,4.0,3.0162857142857145,9.478571428571428,11.085714285714285
14,4506441,Tottenham Hotspur,Chelsea,8586,8455,1.6300000000000001,5.0,2.8,7.4,23.2,2.182,4.6,4.4,2.504,6.8,4.0,6.2,34.6,1.4860000000000002,3.2,3.0,15.934000000000001,11.8,0.46599999999999975,4.134,1.6300000000000001,6.8,3.0162857142857145,9.478571428571428,11.085714285714285
15,4506445,Brighton & Hove Albion,Crystal Palace,10204,9826,1.584,4.6,3.2,3.6,24.6,1.364,3.6,2.8,1.504,4.2,3.4,4.6,18.8,1.384,3.6,2.2,11.888,8.8,0.3400000000000001,3.088,1.504,6.6,3.0147333333333335,9.44,11.073333333333334
15,4506446,Chelsea,Brentford,8455,9937,2.848,7.8,4.4,6.6,38.0,1.67,3.4,3.4,1.4420000000000002,4.6,2.4,4.6,25.0,1.7559999999999998,4.8,2.4,16.689999999999998,12.399999999999999,0.8640000000000003,4.29,1.4420000000000002,6.800000000000001,3.0147333333333335,9.44,11.073333333333334
15,4506447,Liverpool,Fulham,8650,9879,2.27,6.4,4.4,5.6,32.8,1.308,3.6,2.8,1.0500000000000003,4.0,1.6,6.2,22.6,1.424,4.0,3.0,13.72,10.4,0.5880000000000003,3.3200000000000003,1.0500000000000003,6.0,3.0147333333333335,9.44,11.073333333333334
15,4506448,Manchester City,Manchester United,8456,10260,1.812,4.8,3.4,6.6,35.4,2.15,4.8,4.2,0.89,4.2,1.6,2.2,18.4,1.1580000000000001,4.4,2.0,11.702,9.0,-0.6059999999999999,2.702,0.89,5.0,3.0147333333333335,9.44,11.073333333333334
15,4506449,Newcastle United,Leicester City,10261,8197,1.39,3.4,2.2,6.2,29.2,1.284,5.2,2.8,1.1560000000000001,3.6,2.6,3.6,14.6,2.1100000000000003,6.6,2.8,9.546,7.0,-0.8480000000000003,2.5460000000000003,1.1560000000000001,4.800000000000001,3.0147333333333335,9.44,11.073333333333334
15,4506450,Nottingham Forest,Aston Villa,10203,10252,0.9019999999999999,2.8,1.0,3.6,17.4,1.498,6.0,1.8,2.088,5.2,4.0,9.4,35.2,1.2600000000000002,4.0,2.2,10.99,8.0,0.23199999999999976,2.99,0.9019999999999999,5.0,3.0147333333333335,9.44,11.073333333333334
15,4506451,Southampton,Tottenham Hotspur,8466,8586,0.968,2.2,1.8,4.8,20.0,2.7619999999999996,7.6,5.6,1.722,4.8,3.4,7.2,24.0,2.3760000000000003,6.0,4.2,9.690000000000001,7.0,-2.448,2.69,0.968,5.2,3.0147333333333335,9.44,11.073333333333334
15,4506452,Wolverhampton Wanderers,Ipswich Town,8602,9902,1.058,3.8,1.8,2.0,19.8,1.394,3.8,1.8,1.122,3.8,1.8,4.6,19.2,1.7899999999999998,4.6,2.8,9.780000000000001,7.6,-1.0039999999999996,2.18,1.058,3.6,3.0147333333333335,9.44,11.073333333333334
15,4506443,AFC Bournemouth,West Ham United,8678,8654,2.904,6.0,4.6,6.6,32.4,1.014,4.4,1.6,1.45,6.2,2.0,6.4,29.8,1.8980000000000001,4.8,3.2,16.554,12.2,1.4419999999999995,4.354,1.45,6.6,3.0147333333333335,9.44,11.073333333333334
15,4506444,Arsenal,Everton,9825,8668,2.106,5.4,3.8,8.0,34.2,0.7580000000000001,2.4,0.6,0.9720000000000001,3.6,1.0,4.6,22.0,0.8800000000000001,3.8,2.2,12.078,9.0,1.44,3.078,0.9720000000000001,4.8,3.0147333333333335,9.44,11.073333333333334
16,4506453,Aston Villa,Manchester City,10252,8456,1.8959999999999997,5.2,3.0,8.2,36.2,1.2120000000000002,4.2,2.0,1.5580000000000003,4.2,2.4,7.4,33.4,2.108,4.6,3.2,12.854,9.4,0.13399999999999967,3.4539999999999997,1.5580000000000003,5.4,3.0190625000000004,9.44375,11.03125
16,4506454,Brentford,Nottingham Forest,9937,10203,1.4680000000000002,4.2,2.8,4.4,22.6,1.6800000000000002,5.8,2.6,1.1320000000000001,3.4,1.2,3.6,19.4,1.2419999999999998,5.2,1.4,10.200000000000001,7.6,-0.3219999999999996,2.6000000000000005,1.1320000000000001,4.0,3.0190625000000004,9.44375,11.03125
16,4506457,Fulham,Southampton,9879,8466,0.9280000000000002,3.2,1.2,5.4,19.6,1.5459999999999998,3.8,2.8,1.004,2.8,2.2,3.4,19.4,2.998,8.6,6.6,7.932,6.0,-2.612,1.9320000000000002,0.9280000000000002,3.4000000000000004,3.0190625000000004,9.44375,11.03125
16,4506458,Ipswich Town,Newcastle United,9902,10261,1.038,4.2,1.4,4.8,21.0,1.734,4.8,2.6,1.8079999999999998,4.4,2.8,6.2,33.4,1.1960000000000002,4.8,2.4,11.446000000000002,8.600000000000001,-0.0840000000000003,2.846,1.038,4.199999999999999,3.0190625000000004,9.44375,11.03125
16,4506455,Crystal Palace,Arsenal,9826,9825,1.6620000000000001,4.2,3.6,5.4,20.2,1.218,3.2,1.8,2.04,5.8,3.2,9.0,40.2,0.4680000000000001,1.8,0.4,13.702,10.0,2.016,3.702,1.6620000000000001,6.800000000000001,3.0190625000000004,9.44375,11.03125
16,4506456,Everton,Chelsea,8668,8455,0.768,2.8,1.0,3.8,18.4,0.958,3.6,2.0,2.9859999999999998,8.8,5.0,7.4,43.8,1.682,3.6,3.4,15.354,11.600000000000001,1.114,3.7539999999999996,0.768,6.0,3.0190625000000004,9.44375,11.03125
16,4506461,Tottenham Hotspur,Liverpool,8586,8650,1.9,5.6,4.2,5.8,22.4,2.2199999999999998,6.0,4.0,2.2919999999999994,6.2,4.2,6.2,33.8,1.276,3.8,2.0,15.991999999999997,11.8,0.6959999999999997,4.191999999999999,1.9,8.4,3.0190625000000004,9.44375,11.03125
16,4506462,West Ham United,Brighton & Hove Albion,8654,10204,1.6960000000000002,5.6,1.8,6.2,30.8,2.0780000000000003,5.8,3.6,1.326,4.8,1.8,5.2,27.4,1.3820000000000001,3.4,2.8,13.422,10.399999999999999,-0.43800000000000017,3.0220000000000002,1.326,3.6,3.0190625000000004,9.44375,11.03125
16,4506459,Leicester City,Wolverhampton Wanderers,8197,8602,1.068,2.8,2.4,3.0,14.4,2.7159999999999997,8.2,3.6,1.06,4.2,1.8,3.2,21.2,1.502,4.8,2.0,9.128,7.0,-2.09,2.128,1.06,4.2,3.0190625000000004,9.44375,11.03125
16,4506460,Manchester United,AFC Bournemouth,10260,8678,1.1540000000000001,4.2,2.0,2.4,19.4,1.222,4.0,1.8,2.784,7.2,4.4,8.2,33.6,1.1300000000000001,3.8,1.4,15.338000000000001,11.4,1.5859999999999999,3.9379999999999997,1.1540000000000001,6.4,3.0190625000000004,9.44375,11.03125
17,4506487,Liverpool,Leicester City,8650,8197,2.7879999999999994,6.4,5.0,5.2,33.8,1.2739999999999998,3.8,1.8,1.006,3.6,2.4,3.8,16.0,2.388,7.6,3.2,13.793999999999999,10.0,0.13199999999999967,3.7939999999999996,1.006,7.4,3.0187058823529416,9.505882352941176,10.941176470588236
17,4506488,Manchester City,Everton,8456,8668,1.336,4.4,2.0,6.4,29.2,1.94,4.4,2.8,0.734,2.6,1.2,2.2,11.8,0.9720000000000001,4.2,2.2,9.07,7.0,-0.8420000000000001,2.0700000000000003,0.734,3.2,3.0187058823529416,9.505882352941176,10.941176470588236
17,4506489,Newcastle United,Aston Villa,10261,10252,1.9460000000000002,5.4,3.6,4.8,32.4,1.1760000000000002,4.0,2.6,1.6079999999999999,5.4,3.0,7.2,30.0,1.166,4.2,1.6,14.354000000000001,10.8,1.2119999999999997,3.5540000000000003,1.6079999999999999,6.6,3.0187058823529416,9.505882352941176,10.941176470588236
17,4506490,Nottingham Forest,Tottenham Hotspur,10203,8586,1.246,4.6,1.6,4.4,19.8,1.148,4.4,1.4,1.652,5.2,3.4,6.6,24.8,2.918,7.4,5.4,12.698,9.8,-1.1680000000000001,2.8979999999999997,1.246,5.0,3.0187058823529416,9.505882352941176,10.941176470588236
17,4506485,Brighton & Hove Albion,Brentford,10204,9937,1.3259999999999998,5.2,2.2,6.0,35.2,1.318,3.2,2.4,1.392,4.4,2.6,5.4,27.0,1.6200000000000003,6.0,2.8,12.318000000000001,9.600000000000001,-0.22000000000000064,2.718,1.3259999999999998,4.800000000000001,3.0187058823529416,9.505882352941176,10.941176470588236
17,4506486,Chelsea,Fulham,8455,9879,2.67,8.4,4.8,6.6,40.8,1.666,4.2,3.6,0.898,3.6,1.4,5.2,21.8,1.3339999999999999,3.0,2.4,15.568,12.0,0.5680000000000001,3.568,0.898,6.199999999999999,3.0187058823529416,9.505882352941176,10.941176470588236
17,4506483,AFC Bournemouth,Crystal Palace,8678,9826,2.784,7.2,4.0,7.0,28.6,1.3980000000000001,4.4,1.8,1.7280000000000002,4.2,3.4,5.8,20.4,1.17,3.4,2.0,15.911999999999999,11.4,1.944,4.5120000000000005,1.7280000000000002,7.4,3.0187058823529416,9.505882352941176,10.941176470588236
17,4506484,Arsenal,Ipswich Town,9825,9902,2.376,5.6,4.0,8.0,37.4,0.72,3.0,1.0,0.8620000000000001,3.4,1.0,4.4,22.8,2.04,5.4,3.4,12.238,9.0,0.478,3.238,0.8620000000000001,5.0,3.0187058823529416,9.505882352941176,10.941176470588236
17,4506491,Southampton,West Ham United,8466,8654,0.8,2.0,1.6,3.8,18.8,2.5439999999999996,7.4,5.6,1.796,5.2,2.2,7.2,32.8,1.938,6.6,4.0,9.796,7.2,-1.8859999999999995,2.596,0.8,3.8000000000000003,3.0187058823529416,9.505882352941176,10.941176470588236
17,4506492,Wolverhampton Wanderers,Manchester United,8602,10260,1.018,4.0,1.8,3.0,18.8,1.456,5.2,2.0,1.45,4.8,2.4,4.4,25.2,1.23,3.8,1.6,11.268,8.8,-0.21799999999999997,2.468,1.018,4.2,3.0187058823529416,9.505882352941176,10.941176470588236
18,4506496,Everton,Nottingham Forest,8668,10203,0.744,2.8,1.2,2.8,12.2,1.176,4.2,2.4,1.1340000000000001,4.2,1.6,3.2,18.2,1.21,4.6,1.6,8.878,7.0,-0.5079999999999998,1.8780000000000001,0.744,2.8,2.983277777777778,9.45,10.827777777777778
18,4506495,Crystal Palace,Southampton,9826,8466,1.466,4.2,2.4,4.6,19.0,1.456,4.2,2.0,0.8780000000000001,2.6,2.2,3.0,20.8,2.5700000000000003,6.8,5.4,9.144,6.800000000000001,-1.6820000000000002,2.3440000000000003,0.8780000000000001,4.6,2.983277777777778,9.45,10.827777777777778
18,4506500,Manchester United,Newcastle United,10260,10261,1.324,4.6,1.8,4.8,24.8,1.286,4.2,1.6,2.4899999999999998,7.0,4.2,4.8,39.8,0.8919999999999998,3.4,1.6,15.414,11.6,1.6360000000000001,3.814,1.324,6.0,2.983277777777778,9.45,10.827777777777778
18,4506499,Leicester City,Manchester City,8197,8456,0.8619999999999999,3.2,2.2,3.2,13.8,2.29,7.8,2.6,1.586,5.0,2.6,7.2,33.2,1.3519999999999999,3.6,2.0,10.648,8.2,-1.194,2.448,0.8619999999999999,4.800000000000001,2.983277777777778,9.45,10.827777777777778
18,4506497,Fulham,AFC Bournemouth,9879,8678,0.9380000000000001,3.8,1.4,3.2,19.2,1.402,4.0,2.6,2.42,6.4,3.2,7.2,31.4,1.396,4.6,1.4,13.558,10.2,0.5600000000000003,3.358,0.9380000000000001,4.6,2.983277777777778,9.45,10.827777777777778
18,4506498,Ipswich Town,Chelsea,9902,8455,0.7739999999999999,2.8,1.0,3.2,20.0,2.0759999999999996,5.4,3.6,2.556,8.4,5.0,6.6,39.2,1.7760000000000002,4.8,3.8,14.530000000000001,11.2,-0.5219999999999998,3.33,0.7739999999999999,6.0,2.983277777777778,9.45,10.827777777777778
18,4506502,West Ham United,Liverpool,8654,8650,1.8500000000000003,4.6,2.2,7.2,34.4,1.498,6.2,3.8,2.4560000000000004,6.4,4.2,6.6,39.8,1.174,3.6,1.6,15.306000000000001,11.0,1.6340000000000006,4.306000000000001,1.8500000000000003,6.4,2.983277777777778,9.45,10.827777777777778
18,4506501,Tottenham Hotspur,Wolverhampton Wanderers,8586,8602,1.6760000000000002,5.4,3.2,6.6,27.6,2.8259999999999996,6.8,5.2,1.098,4.2,1.6,3.2,18.0,0.8860000000000001,4.4,1.2,12.373999999999999,9.600000000000001,-0.9379999999999995,2.774,1.098,4.800000000000001,2.983277777777778,9.45,10.827777777777778
18,4506494,Brentford,Arsenal,9937,9825,1.126,3.8,2.0,5.0,24.4,1.6700000000000004,6.8,2.8,2.0279999999999996,5.2,3.6,7.0,39.0,0.442,2.0,0.6,12.154,9.0,1.0419999999999994,3.1539999999999995,1.126,5.6,2.983277777777778,9.45,10.827777777777778
18,4506493,Aston Villa,Brighton & Hove Albion,10252,10204,1.4300000000000002,4.8,2.6,7.6,28.0,1.3800000000000001,4.2,1.8,1.252,5.6,1.8,5.6,35.2,1.33,3.4,2.4,13.082,10.399999999999999,-0.028000000000000025,2.6820000000000004,1.252,4.4,2.983277777777778,9.45,10.827777777777778
19,4506505,Brighton & Hove Albion,Arsenal,10204,9825,1.184,5.8,1.6,5.0,36.2,1.556,3.8,2.8,1.9780000000000002,5.0,3.0,5.0,41.2,0.462,2.0,0.6,13.962,10.8,1.1440000000000001,3.162,1.184,4.6,2.9790000000000005,9.457894736842105,10.763157894736842
19,4506506,Crystal Palace,Chelsea,9826,8455,1.544,5.6,2.6,4.8,19.6,1.546,4.4,2.0,1.8700000000000003,6.8,3.4,6.6,36.2,1.78,5.2,3.4,15.814,12.399999999999999,0.0880000000000003,3.4140000000000006,1.544,6.0,2.9790000000000005,9.457894736842105,10.763157894736842
19,4506507,Fulham,Ipswich Town,9879,9902,1.03,4.6,1.4,2.4,19.6,1.504,5.2,2.6,0.992,3.6,1.2,3.2,20.4,2.148,5.8,3.8,10.222,8.2,-1.6300000000000001,2.0220000000000002,0.992,2.5999999999999996,2.9790000000000005,9.457894736842105,10.763157894736842
19,4506508,Liverpool,Manchester United,8650,10260,2.6879999999999997,8.0,5.2,6.6,41.6,0.828,2.4,1.0,1.4600000000000002,4.4,2.2,5.2,27.0,1.238,3.8,1.4,16.548000000000002,12.4,2.0820000000000003,4.148,1.4600000000000002,7.4,2.9790000000000005,9.457894736842105,10.763157894736842
19,4506509,Manchester City,West Ham United,8456,8654,1.3579999999999999,4.6,2.2,6.4,30.0,1.404,3.8,2.4,1.302,2.6,1.4,5.8,26.4,1.794,7.6,4.2,9.86,7.199999999999999,-0.538,2.66,1.302,3.6,2.9790000000000005,9.457894736842105,10.763157894736842
19,4506510,Southampton,Brentford,8466,9937,0.754,2.4,1.6,3.4,20.0,1.89,6.2,3.8,0.99,4.0,1.8,4.8,21.4,1.566,5.8,2.4,8.144,6.4,-1.712,1.744,0.754,3.4000000000000004,2.9790000000000005,9.457894736842105,10.763157894736842
19,4506512,Wolverhampton Wanderers,Nottingham Forest,8602,10203,1.086,4.4,1.4,3.4,19.0,1.1320000000000001,4.2,1.8,1.222,5.0,2.4,3.6,17.8,0.906,3.6,0.8,11.708,9.4,0.27,2.308,1.086,3.8,2.9790000000000005,9.457894736842105,10.763157894736842
19,4506511,Tottenham Hotspur,Newcastle United,8586,10261,1.952,5.2,4.0,5.8,28.8,2.2280000000000006,5.8,4.0,2.456,6.6,4.2,4.4,39.4,0.6739999999999999,2.6,1.2,16.208,11.8,1.5059999999999993,4.4079999999999995,1.952,8.2,2.9790000000000005,9.457894736842105,10.763157894736842
19,4506504,Aston Villa,Leicester City,10252,8197,1.3,3.6,2.4,8.0,29.4,1.406,4.8,2.0,0.7879999999999999,2.8,1.4,3.4,15.0,1.924,6.8,2.0,8.488,6.4,-1.242,2.088,0.7879999999999999,3.8,2.9790000000000005,9.457894736842105,10.763157894736842
19,4506503,AFC Bournemouth,Everton,8678,8668,2.074,6.6,2.4,7.6,32.0,1.4440000000000002,5.0,1.4,0.7180000000000001,2.4,0.8,3.2,14.6,1.316,5.2,3.0,11.792,9.0,0.031999999999999806,2.792,0.7180000000000001,3.2,2.9790000000000005,9.457894736842105,10.763157894736842
20,4506522,Manchester United,Southampton,10260,8466,1.35,3.8,2.4,6.0,27.0,1.636,4.4,2.2,0.746,2.6,1.6,3.6,19.2,2.3240000000000003,7.4,5.0,8.496,6.4,-1.864,2.096,0.746,4.0,2.9908500000000005,9.415,10.745
20,4506521,Newcastle United,Wolverhampton Wanderers,10261,8602,2.6659999999999995,6.8,4.4,5.6,37.0,0.616,1.8,0.8,1.1099999999999999,4.6,1.4,4.4,21.2,1.3639999999999999,4.0,2.4,15.175999999999998,11.399999999999999,1.7959999999999994,3.7759999999999994,1.1099999999999999,5.800000000000001,2.9908500000000005,9.415,10.745
20,4506517,Leicester City,Crystal Palace,8197,9826,0.608,2.6,1.4,3.0,13.2,1.9280000000000002,6.4,2.6,1.4920000000000002,6.2,2.8,4.8,20.6,1.504,3.8,1.8,10.9,8.8,-1.3319999999999999,2.1,0.608,4.199999999999999,2.9908500000000005,9.415,10.745
20,4506518,Nottingham Forest,Liverpool,10203,8650,1.482,5.0,3.2,3.6,19.2,0.9040000000000001,3.4,0.8,3.128,8.4,5.6,7.2,44.6,0.8480000000000001,2.6,1.4,18.009999999999998,13.4,2.8579999999999997,4.61,1.482,8.8,2.9908500000000005,9.415,10.745
20,4506515,Everton,Aston Villa,8668,10252,0.67,1.8,0.8,3.4,14.8,1.5599999999999998,6.0,3.6,1.154,3.6,2.0,6.4,26.4,1.4220000000000002,5.2,2.6,7.224,5.4,-1.158,1.8239999999999998,0.67,2.8,2.9908500000000005,9.415,10.745
20,4506516,Ipswich Town,Brighton & Hove Albion,9902,10204,1.046,3.2,1.6,2.4,17.2,1.94,5.4,3.6,1.1800000000000002,5.2,2.2,4.4,34.8,1.4700000000000002,3.8,3.2,10.626000000000001,8.4,-1.184,2.226,1.046,3.8000000000000003,2.9908500000000005,9.415,10.745
20,4506514,Brentford,Manchester City,9937,8456,1.636,4.6,3.4,4.6,23.6,1.3279999999999998,5.4,1.8,1.45,5.2,2.2,6.2,28.8,1.41,4.0,2.8,12.886,9.8,0.3480000000000001,3.086,1.45,5.6,2.9908500000000005,9.415,10.745
20,4506513,Arsenal,Tottenham Hotspur,9825,8586,1.748,4.8,3.2,4.8,38.6,0.734,2.4,1.2,1.56,5.0,3.0,6.6,28.6,2.168,5.0,4.2,13.108,9.8,0.4059999999999999,3.308,1.56,6.2,2.9908500000000005,9.415,10.745
20,4506519,West Ham United,Fulham,8654,9879,1.3820000000000001,2.6,1.8,3.8,23.2,1.8820000000000001,8.0,4.4,1.4460000000000002,5.0,2.2,4.2,25.4,1.416,5.0,2.4,10.428,7.6,-0.46999999999999975,2.8280000000000003,1.3820000000000001,4.0,2.9908500000000005,9.415,10.745
20,4506520,Chelsea,AFC Bournemouth,8455,8678,1.552,5.4,3.2,5.8,33.2,1.416,5.4,2.6,1.786,7.0,2.4,6.8,30.8,1.322,4.0,1.4,15.738,12.4,0.6000000000000001,3.338,1.552,5.6,2.9908500000000005,9.415,10.745
21,4506527,Ipswich Town,Manchester City,9902,8456,0.8620000000000001,2.8,1.2,2.0,12.4,1.8800000000000001,5.2,3.4,1.7,6.2,3.2,5.6,34.2,1.51,4.6,3.0,11.562000000000001,9.0,-0.8280000000000001,2.5620000000000003,0.8620000000000001,4.4,2.9991428571428576,9.438095238095238,10.666666666666666
21,4506528,Leicester City,Fulham,8197,9879,0.9100000000000001,3.2,2.0,3.4,17.0,1.534,5.0,2.4,1.582,5.4,2.6,4.0,27.4,1.1800000000000002,4.8,2.2,11.092,8.600000000000001,-0.22199999999999998,2.492,0.9100000000000001,4.6,2.9991428571428576,9.438095238095238,10.666666666666666
21,4506524,Brentford,Liverpool,9937,8650,1.83,5.0,3.4,4.4,28.4,1.322,5.4,2.0,3.1,9.0,5.8,8.0,48.0,0.6660000000000001,2.6,1.4,18.93,14.0,2.942,4.93,1.83,9.2,2.9991428571428576,9.438095238095238,10.666666666666666
21,4506523,Arsenal,Aston Villa,9825,10252,1.794,4.6,3.8,5.2,38.4,0.8720000000000001,2.8,1.4,1.3119999999999998,3.8,2.8,6.8,23.8,1.294,4.6,2.6,11.506,8.399999999999999,0.9399999999999997,3.106,1.3119999999999998,6.6,2.9991428571428576,9.438095238095238,10.666666666666666
21,4506532,West Ham United,Crystal Palace,8654,9826,1.16,2.6,2.0,2.6,19.6,1.86,7.2,4.6,1.3940000000000001,6.0,2.6,4.4,20.0,1.6439999999999997,3.6,2.2,11.154,8.6,-0.9499999999999997,2.5540000000000003,1.16,4.6,2.9991428571428576,9.438095238095238,10.666666666666666
21,4506531,Nottingham Forest,Southampton,10203,8466,1.188,4.4,2.8,2.8,17.2,1.2180000000000002,4.4,1.6,0.8859999999999999,3.0,1.2,4.0,19.6,2.52,7.4,5.0,9.474,7.4,-1.6640000000000004,2.074,0.8859999999999999,4.0,2.9991428571428576,9.438095238095238,10.666666666666666
21,4506530,Newcastle United,AFC Bournemouth,10261,8678,2.3299999999999996,5.6,4.0,5.4,33.0,0.9019999999999999,3.0,1.8,1.6199999999999999,5.8,2.2,5.0,27.0,1.41,5.4,2.2,15.349999999999998,11.399999999999999,1.6379999999999997,3.9499999999999993,1.6199999999999999,6.2,2.9991428571428576,9.438095238095238,10.666666666666666
21,4506529,Manchester United,Brighton & Hove Albion,10260,10204,1.6179999999999999,5.0,3.0,6.4,32.4,1.754,4.8,2.4,1.174,5.2,2.0,4.6,33.0,1.064,3.4,2.2,12.992,10.2,-0.026000000000000245,2.792,1.174,5.0,2.9991428571428576,9.438095238095238,10.666666666666666
21,4506526,Everton,Tottenham Hotspur,8668,8586,0.8800000000000001,2.4,1.4,4.6,16.2,1.558,5.6,4.2,1.228,3.6,2.0,6.4,27.2,2.29,5.2,4.4,8.108,6.0,-1.74,2.108,0.8800000000000001,3.4,2.9991428571428576,9.438095238095238,10.666666666666666
21,4506525,Chelsea,Wolverhampton Wanderers,8455,8602,1.6060000000000003,5.8,3.4,6.0,29.6,1.33,5.2,2.0,1.1800000000000002,4.8,2.2,3.4,20.8,1.546,4.0,2.6,13.386,10.6,-0.08999999999999964,2.7860000000000005,1.1800000000000002,5.6,2.9991428571428576,9.438095238095238,10.666666666666666
22,4506611,Tottenham Hotspur,Leicester City,8586,8197,1.198,3.8,2.0,6.6,26.0,1.554,4.0,3.2,0.844,3.0,2.0,3.2,19.4,1.75,4.6,2.8,8.841999999999999,6.8,-1.262,2.042,0.844,4.0,3.0031363636363637,9.468181818181819,10.64090909090909
22,4506612,Wolverhampton Wanderers,Arsenal,8602,9825,1.1199999999999999,4.8,2.0,4.4,22.2,2.026,4.4,3.2,1.4860000000000002,4.6,3.2,6.6,39.0,0.762,2.4,1.2,12.006,9.399999999999999,-0.18199999999999972,2.606,1.1199999999999999,5.2,3.0031363636363637,9.468181818181819,10.64090909090909
22,4506603,AFC Bournemouth,Nottingham Forest,8678,10203,1.746,6.8,2.6,6.0,31.4,1.1119999999999999,5.0,1.6,1.418,4.2,3.2,2.2,19.2,1.252,4.6,1.8,14.163999999999998,11.0,0.8,3.1639999999999997,1.418,5.800000000000001,3.0031363636363637,9.468181818181819,10.64090909090909
22,4506604,Aston Villa,West Ham United,10252,8654,1.1860000000000002,3.4,2.4,6.0,23.2,1.3539999999999999,4.6,2.6,0.9540000000000001,1.8,1.6,1.4,17.4,1.936,7.4,4.2,7.34,5.2,-1.1499999999999995,2.14,0.9540000000000001,4.0,3.0031363636363637,9.468181818181819,10.64090909090909
22,4506607,Fulham,Manchester United,9879,10260,1.844,4.8,3.0,3.2,27.2,1.222,5.4,2.4,1.4580000000000002,3.8,2.4,4.6,29.2,1.814,4.4,2.8,11.902000000000001,8.6,0.26600000000000024,3.3020000000000005,1.4580000000000002,5.4,3.0031363636363637,9.468181818181819,10.64090909090909
22,4506608,Liverpool,Ipswich Town,8650,9902,2.6599999999999997,8.2,4.4,10.0,50.0,0.556,2.8,1.4,0.8360000000000001,3.2,1.2,2.4,11.2,2.02,5.6,3.4,14.895999999999997,11.399999999999999,0.9199999999999997,3.4959999999999996,0.8360000000000001,5.6000000000000005,3.0031363636363637,9.468181818181819,10.64090909090909
22,4506605,Brighton & Hove Albion,Everton,10204,8668,1.3719999999999999,4.6,2.0,4.2,27.6,1.098,2.8,2.0,1.064,2.8,2.0,4.8,19.8,1.548,5.8,4.0,9.835999999999999,7.3999999999999995,-0.2100000000000002,2.436,1.064,4.0,3.0031363636363637,9.468181818181819,10.64090909090909
22,4506606,Crystal Palace,Brentford,9826,9937,1.34,6.2,2.4,4.6,19.8,1.1260000000000001,2.4,1.2,1.83,5.6,3.6,3.0,25.8,1.828,5.8,2.4,14.97,11.8,0.21599999999999997,3.17,1.34,6.0,3.0031363636363637,9.468181818181819,10.64090909090909
22,4506609,Manchester City,Chelsea,8456,8455,2.1,6.8,4.0,6.2,38.2,1.2920000000000003,4.2,2.4,2.012,6.2,3.6,5.6,35.4,1.286,5.2,1.8,17.112,13.0,1.5339999999999998,4.112,2.012,7.6,3.0031363636363637,9.468181818181819,10.64090909090909
22,4506610,Southampton,Newcastle United,8466,10261,1.012,3.6,1.6,4.6,21.6,2.754,7.4,5.4,2.022,5.2,3.0,6.6,32.8,1.212,4.6,2.4,11.834,8.8,-0.9320000000000002,3.034,1.012,4.6,3.0031363636363637,9.468181818181819,10.64090909090909
23,4506615,Brentford,Tottenham Hotspur,9937,8586,1.8679999999999999,6.2,3.6,3.8,29.0,1.782,5.4,2.4,1.226,4.2,2.2,6.4,24.6,1.6420000000000001,4.0,3.0,13.494,10.4,-0.3300000000000003,3.094,1.226,5.800000000000001,2.978913043478261,9.439130434782609,10.534782608695652
23,4506616,Chelsea,West Ham United,8455,8654,2.1480000000000006,5.4,3.6,5.6,35.2,1.4300000000000002,5.0,2.6,0.8539999999999999,2.2,2.0,1.6,20.2,1.8259999999999998,7.2,3.4,10.602,7.6000000000000005,-0.25399999999999956,3.0020000000000007,0.8539999999999999,5.6,2.978913043478261,9.439130434782609,10.534782608695652
23,4506617,Everton,Leicester City,8668,8197,1.108,2.4,2.0,4.0,18.2,1.2760000000000002,5.0,3.2,1.0879999999999999,3.4,2.2,3.8,21.6,1.576,4.4,3.0,7.996,5.8,-0.6560000000000004,2.1959999999999997,1.0879999999999999,4.2,2.978913043478261,9.439130434782609,10.534782608695652
23,4506618,Ipswich Town,Southampton,9902,8466,0.9019999999999999,3.8,1.6,3.0,11.6,2.044,5.8,3.4,0.884,3.6,1.0,4.8,18.4,2.978,8.8,6.2,9.186,7.4,-3.2360000000000007,1.786,0.884,2.6,2.978913043478261,9.439130434782609,10.534782608695652
23,4506619,Manchester United,Crystal Palace,10260,9826,1.42,3.2,2.4,3.8,27.2,1.7760000000000002,4.2,2.6,1.466,6.4,2.6,5.0,20.8,1.084,2.8,1.4,12.486,9.600000000000001,0.02599999999999958,2.886,1.42,5.0,2.978913043478261,9.439130434782609,10.534782608695652
23,4506620,Newcastle United,Fulham,10261,9879,2.056,5.4,3.6,6.4,29.8,1.2959999999999998,5.4,2.6,1.6219999999999999,4.0,2.4,3.6,27.0,1.048,4.0,1.8,13.078,9.4,1.334,3.678,1.6219999999999999,6.0,2.978913043478261,9.439130434782609,10.534782608695652
23,4506621,Nottingham Forest,Brighton & Hove Albion,10203,10204,1.39,4.4,3.0,3.6,22.4,1.4099999999999997,5.8,2.2,1.2559999999999998,3.4,1.8,5.0,25.2,1.0539999999999998,2.4,2.0,10.446,7.800000000000001,0.18200000000000016,2.646,1.2559999999999998,4.8,2.978913043478261,9.439130434782609,10.534782608695652
23,4506622,Wolverhampton Wanderers,Aston Villa,8602,10252,1.096,4.8,2.0,3.8,21.8,2.1380000000000003,4.2,3.8,1.2879999999999998,4.0,2.4,5.6,26.6,1.064,3.8,2.8,11.184,8.8,-0.8180000000000005,2.384,1.096,4.4,2.978913043478261,9.439130434782609,10.534782608695652
23,4506613,AFC Bournemouth,Liverpool,8678,8650,1.7899999999999998,8.0,3.2,5.6,30.8,1.218,5.0,1.8,2.6740000000000004,8.0,4.8,7.8,46.6,0.5840000000000001,3.2,1.8,20.464,16.0,2.662,4.464,1.7899999999999998,8.0,2.978913043478261,9.439130434782609,10.534782608695652
23,4506614,Arsenal,Manchester City,9825,8456,1.314,4.2,3.2,6.6,35.0,0.8800000000000001,3.2,1.4,2.182,7.0,4.6,5.0,33.4,1.526,4.4,2.8,14.696,11.2,1.0899999999999999,3.496,1.314,7.8,2.978913043478261,9.439130434782609,10.534782608695652
24,4506623,Aston Villa,Ipswich Town,10252,9902,1.022,3.8,2.0,4.8,20.6,1.164,4.0,3.2,0.9540000000000001,3.8,1.6,2.4,14.2,1.826,5.6,2.8,9.576,7.6,-1.0139999999999998,1.976,0.9540000000000001,3.6,2.978375,9.4125,10.475
24,4506624,Brighton & Hove Albion,Chelsea,10204,8455,1.206,3.6,1.6,5.6,26.2,1.3800000000000001,3.4,2.6,2.082,5.0,3.2,5.0,34.8,1.358,4.8,2.4,11.888,8.6,0.5499999999999996,3.288,1.206,4.800000000000001,2.978375,9.4125,10.475
24,4506627,Leicester City,Arsenal,8197,9825,0.8940000000000001,2.8,1.6,4.2,19.8,1.814,4.8,4.0,1.1320000000000001,4.6,3.2,7.0,29.0,0.9780000000000001,3.6,1.6,9.426,7.3999999999999995,-0.766,2.0260000000000002,0.8940000000000001,4.800000000000001,2.978375,9.4125,10.475
24,4506628,Liverpool,Wolverhampton Wanderers,8650,8602,2.548,6.8,3.8,7.2,44.6,0.8280000000000001,3.8,2.2,1.278,5.2,2.6,3.8,19.8,1.778,4.2,3.0,15.826,12.0,1.22,3.826,1.278,6.4,2.978375,9.4125,10.475
24,4506625,Crystal Palace,Everton,9826,8668,1.58,5.0,2.6,3.4,20.2,1.1199999999999999,2.6,1.4,1.422,3.4,3.4,4.0,19.2,1.046,3.8,2.2,11.402,8.4,0.8360000000000001,3.002,1.422,6.0,2.978375,9.4125,10.475
24,4506626,Fulham,Nottingham Forest,9879,10203,1.7120000000000002,3.6,2.6,4.8,28.8,0.8019999999999999,3.0,1.8,1.7760000000000002,4.8,3.2,3.6,25.8,1.408,6.4,2.4,11.888000000000002,8.4,1.2780000000000005,3.4880000000000004,1.7120000000000002,5.800000000000001,2.978375,9.4125,10.475
24,4506631,Tottenham Hotspur,Manchester United,8586,10260,0.9480000000000001,4.0,1.6,6.0,22.6,1.9100000000000001,4.2,3.2,1.464,3.4,2.2,5.6,35.2,1.9119999999999997,4.0,2.6,9.812,7.4,-1.4099999999999997,2.412,0.9480000000000001,3.8000000000000003,2.978375,9.4125,10.475
24,4506632,West Ham United,Brentford,8654,9937,1.0260000000000002,3.2,2.0,1.8,21.6,1.5299999999999998,5.2,2.0,2.216,6.6,4.0,5.0,36.8,1.572,4.8,2.4,13.042,9.8,0.14000000000000057,3.2420000000000004,1.0260000000000002,6.0,2.978375,9.4125,10.475
24,4506629,Manchester City,Newcastle United,8456,10261,2.0900000000000003,6.8,4.4,4.6,31.2,1.466,5.0,2.6,1.8219999999999998,5.4,3.4,6.4,32.4,1.4280000000000002,6.0,2.6,16.112000000000002,12.2,1.018,3.912,1.8219999999999998,7.800000000000001,2.978375,9.4125,10.475
24,4506630,Southampton,AFC Bournemouth,8466,8678,0.8780000000000001,3.8,1.0,3.8,18.4,2.94,8.0,5.8,1.7099999999999997,6.8,3.2,4.8,30.4,1.5,5.2,2.4,13.187999999999999,10.6,-1.852,2.588,0.8780000000000001,4.2,2.978375,9.4125,10.475
25,4506637,Fulham,Crystal Palace,9879,9826,1.7,4.8,2.6,4.6,29.8,0.568,2.8,1.2,1.7080000000000002,5.0,3.0,3.4,21.6,1.064,3.6,1.4,13.208,9.8,1.7760000000000002,3.4080000000000004,1.7,5.6,2.9608000000000003,9.404,10.504
25,4506638,Ipswich Town,Tottenham Hotspur,9902,8586,0.71,3.8,1.0,2.2,13.2,1.862,6.0,3.2,1.206,4.6,1.6,6.2,26.4,1.7079999999999997,4.6,2.8,10.315999999999999,8.399999999999999,-1.654,1.916,0.71,2.6,2.9608000000000003,9.404,10.504
25,4506639,Leicester City,Brentford,8197,9937,0.8559999999999999,2.8,1.2,4.4,22.6,1.778,4.8,4.0,1.656,5.4,2.2,5.0,36.2,1.6780000000000002,5.2,2.6,10.712,8.2,-0.9440000000000004,2.5119999999999996,0.8559999999999999,3.4000000000000004,2.9608000000000003,9.404,10.504
25,4506640,Manchester City,Liverpool,8456,8650,2.088,6.8,4.6,4.6,30.4,1.2879999999999998,4.4,2.0,2.316,6.2,3.4,6.8,42.6,0.9179999999999999,3.8,1.8,17.404,13.0,2.198,4.404,2.088,8.0,2.9608000000000003,9.404,10.504
25,4506635,Aston Villa,Chelsea,10252,8455,1.1940000000000002,4.0,2.6,6.8,25.0,1.1560000000000001,4.2,2.6,1.9420000000000002,4.8,3.0,5.6,33.6,1.426,4.6,3.0,11.936,8.8,0.5540000000000003,3.136,1.1940000000000002,5.6,2.9608000000000003,9.404,10.504
25,4506636,Everton,Manchester United,8668,10260,1.472,4.6,3.6,3.8,19.6,1.022,3.4,2.0,1.5580000000000003,3.8,2.0,4.8,35.4,1.794,4.2,2.0,11.43,8.399999999999999,0.2140000000000002,3.0300000000000002,1.472,5.6,2.9608000000000003,9.404,10.504
25,4506633,AFC Bournemouth,Wolverhampton Wanderers,8678,8602,1.5819999999999999,6.6,2.8,4.2,29.4,1.5159999999999998,6.0,2.4,1.26,4.8,2.4,3.4,17.2,1.684,4.2,2.6,14.242,11.399999999999999,-0.3579999999999999,2.8419999999999996,1.26,5.199999999999999,2.9608000000000003,9.404,10.504
25,4506634,Arsenal,West Ham United,9825,8654,1.232,5.0,2.8,7.4,31.2,0.7180000000000001,3.2,1.2,0.916,3.0,1.6,3.4,22.2,1.48,4.8,1.8,10.148,8.0,-0.050000000000000044,2.148,0.916,4.4,2.9608000000000003,9.404,10.504
25,4506641,Newcastle United,Nottingham Forest,10261,10203,1.4120000000000001,4.8,2.6,5.2,28.8,1.6199999999999999,6.6,3.2,1.434,4.6,2.4,3.8,24.4,1.5260000000000002,7.2,2.8,12.245999999999999,9.399999999999999,-0.30000000000000004,2.846,1.4120000000000001,5.0,2.9608000000000003,9.404,10.504
25,4506642,Southampton,Brighton & Hove Albion,8466,10204,0.9780000000000001,4.4,1.2,4.2,19.6,2.288,7.2,4.2,1.186,3.8,2.0,5.6,27.2,1.3119999999999998,2.8,1.8,10.364,8.2,-1.4359999999999995,2.164,0.9780000000000001,3.2,2.9608000000000003,9.404,10.504
26,4506336,Tottenham Hotspur,Manchester City,8586,8456,1.392,5.4,1.6,6.2,26.4,1.6480000000000001,4.8,2.6,1.778,6.2,3.6,5.0,29.4,0.914,4.0,1.4,14.77,11.600000000000001,0.6079999999999997,3.17,1.392,5.2,2.9561538461538457,9.4,10.5
26,4506335,Nottingham Forest,Arsenal,10203,9825,1.7299999999999998,5.0,3.0,5.0,26.4,1.7100000000000002,6.8,2.8,1.186,4.6,2.2,5.8,30.0,0.776,3.2,1.2,12.515999999999998,9.6,0.4299999999999995,2.9159999999999995,1.186,5.2,2.9561538461538457,9.4,10.5
26,4506340,Chelsea,Southampton,8455,8466,1.902,4.2,2.6,4.4,32.2,1.6560000000000001,5.2,3.4,0.696,3.6,1.0,4.4,17.0,2.398,7.8,5.0,10.398,7.800000000000001,-1.4560000000000004,2.598,0.696,3.6,2.9561538461538457,9.4,10.5
26,4506339,Crystal Palace,Aston Villa,9826,10252,1.6019999999999999,5.2,2.6,4.2,20.8,0.764,2.8,0.8,1.418,4.6,2.4,6.2,28.0,1.388,5.0,2.6,12.819999999999999,9.8,0.8679999999999999,3.0199999999999996,1.418,5.0,2.9561538461538457,9.4,10.5
26,4506337,West Ham United,Leicester City,8654,8197,0.9400000000000001,2.8,1.4,3.4,23.2,1.3439999999999999,4.2,1.4,0.6180000000000001,2.6,0.8,4.6,21.2,1.718,5.2,3.8,6.958,5.4,-1.5039999999999996,1.5580000000000003,0.6180000000000001,2.2,2.9561538461538457,9.4,10.5
26,4506338,Wolverhampton Wanderers,Fulham,8602,9879,1.3359999999999999,4.4,2.0,4.4,15.6,1.3860000000000001,3.8,2.2,1.3599999999999999,3.8,2.0,5.4,28.8,0.6359999999999999,3.2,1.2,10.896,8.2,0.6739999999999995,2.6959999999999997,1.3359999999999999,4.0,2.9561538461538457,9.4,10.5
26,4506342,Manchester United,Ipswich Town,10260,9902,0.9560000000000001,2.6,1.0,5.6,29.6,1.8679999999999999,4.8,2.6,0.884,4.2,1.6,2.8,16.8,2.0100000000000002,6.2,3.4,8.64,6.800000000000001,-2.0380000000000003,1.84,0.884,2.6,2.9561538461538457,9.4,10.5
26,4506341,Liverpool,Newcastle United,8650,10261,2.06,5.6,2.8,6.0,37.6,0.9860000000000001,4.2,1.6,1.5720000000000003,4.8,2.8,5.8,29.0,1.654,6.2,3.0,14.032,10.399999999999999,0.9920000000000003,3.6320000000000006,1.5720000000000003,5.6,2.9561538461538457,9.4,10.5
26,4506334,Brighton & Hove Albion,AFC Bournemouth,10204,8678,1.786,5.2,4.0,5.0,30.0,1.282,2.4,1.8,1.47,6.6,2.8,4.8,30.0,1.416,5.0,2.0,15.056,11.8,0.558,3.2560000000000002,1.47,6.8,2.9561538461538457,9.4,10.5
26,4506333,Brentford,Everton,9937,8668,1.4440000000000002,5.4,2.0,5.4,35.0,1.34,4.2,1.8,1.626,5.6,3.8,3.6,21.2,0.8620000000000001,3.4,1.4,14.07,11.0,0.8680000000000001,3.0700000000000003,1.4440000000000002,5.8,2.9561538461538457,9.4,10.5
27,4506345,Chelsea,Leicester City,8455,8197,1.7739999999999998,4.8,3.0,4.6,29.6,1.638,4.8,3.6,0.5980000000000001,2.2,0.6,4.2,17.4,1.546,5.2,3.8,9.372,7.0,-0.812,2.372,0.5980000000000001,3.6,2.9515555555555553,9.333333333333334,10.455555555555556
27,4506346,Crystal Palace,Ipswich Town,9826,9902,2.2,5.0,3.4,4.0,23.2,0.784,3.2,1.2,1.054,4.0,1.6,3.2,17.8,1.548,5.6,2.6,12.254000000000001,9.0,0.9220000000000002,3.2540000000000004,1.054,5.0,2.9515555555555553,9.333333333333334,10.455555555555556
27,4506347,Liverpool,Southampton,8650,8466,1.714,4.6,2.4,3.8,31.4,0.8880000000000001,3.0,1.4,0.6619999999999999,3.2,1.0,3.2,14.6,2.5000000000000004,8.8,5.4,10.175999999999998,7.8,-1.0120000000000007,2.376,0.6619999999999999,3.4,2.9515555555555553,9.333333333333334,10.455555555555556
27,4506348,Manchester United,Arsenal,10260,9825,0.804,3.6,1.2,5.8,28.4,1.768,4.8,2.0,1.1179999999999999,3.6,2.2,6.0,28.6,0.6479999999999999,2.8,1.0,9.122,7.2,-0.494,1.922,0.804,3.4000000000000004,2.9515555555555553,9.333333333333334,10.455555555555556
27,4506349,Nottingham Forest,Manchester City,10203,8456,1.4000000000000001,4.4,2.4,5.2,24.4,1.73,6.2,2.8,1.596,5.4,3.2,4.2,26.8,1.064,4.4,1.6,12.796000000000001,9.8,0.20200000000000018,2.9960000000000004,1.4000000000000001,5.6,2.9515555555555553,9.333333333333334,10.455555555555556
27,4506350,Tottenham Hotspur,AFC Bournemouth,8586,8678,1.434,5.4,1.6,6.2,27.2,1.682,4.6,2.4,1.31,5.6,2.4,5.4,31.2,1.7420000000000002,4.8,2.8,13.744,11.0,-0.6800000000000002,2.7439999999999998,1.31,4.0,2.9515555555555553,9.333333333333334,10.455555555555556
27,4506352,Wolverhampton Wanderers,Everton,8602,8668,1.436,4.6,1.8,4.6,16.4,1.084,3.4,2.2,1.51,5.2,3.4,4.0,19.6,0.9339999999999999,2.8,1.4,12.745999999999999,9.8,0.9279999999999999,2.9459999999999997,1.436,5.2,2.9515555555555553,9.333333333333334,10.455555555555556
27,4506351,West Ham United,Newcastle United,8654,10261,1.15,3.2,2.2,3.6,23.8,1.154,3.2,1.0,1.4600000000000002,3.8,2.8,4.8,25.4,1.5420000000000003,4.8,2.6,9.61,7.0,-0.08600000000000008,2.6100000000000003,1.15,5.0,2.9515555555555553,9.333333333333334,10.455555555555556
27,4506343,Brentford,Aston Villa,9937,10252,1.596,4.8,2.0,5.4,36.4,0.9279999999999999,3.4,1.6,1.286,4.2,2.4,7.6,29.2,1.9839999999999995,5.0,3.4,11.882000000000001,9.0,-0.02999999999999936,2.882,1.286,4.4,2.9515555555555553,9.333333333333334,10.455555555555556
27,4506344,Brighton & Hove Albion,Fulham,10204,9879,1.884,5.4,4.2,4.8,29.8,1.278,3.2,2.0,1.2600000000000002,4.4,2.0,5.8,25.0,0.8039999999999999,3.4,1.0,12.944,9.8,1.0620000000000003,3.144,1.2600000000000002,6.2,2.9515555555555553,9.333333333333334,10.455555555555556
28,4506358,Ipswich Town,Nottingham Forest,9902,10203,1.254,5.0,2.0,3.2,19.6,1.8039999999999998,5.2,3.0,1.35,4.4,2.2,4.0,21.2,1.5640000000000003,4.8,2.2,12.004000000000001,9.4,-0.764,2.604,1.254,4.2,2.9477857142857142,9.314285714285715,10.425
28,4506357,Fulham,Tottenham Hotspur,9879,8586,1.3060000000000003,4.0,2.2,6.6,23.2,1.062,4.0,1.6,1.532,5.0,1.4,5.6,28.4,1.81,5.6,3.2,11.838000000000001,9.0,-0.03399999999999981,2.838,1.3060000000000003,3.6,2.9477857142857142,9.314285714285715,10.425
28,4506361,Newcastle United,Crystal Palace,10261,9826,1.1540000000000004,2.6,2.2,4.0,24.6,1.534,4.2,2.6,2.636,4.8,4.2,4.2,23.8,0.8280000000000001,3.6,1.8,11.190000000000001,7.4,1.4280000000000006,3.7900000000000005,1.1540000000000004,6.4,2.9477857142857142,9.314285714285715,10.425
28,4506362,Southampton,Wolverhampton Wanderers,8466,8602,0.582,3.0,1.0,3.4,13.2,2.7380000000000004,8.4,5.8,1.4419999999999997,4.4,1.8,5.4,17.8,1.166,3.6,2.0,9.424,7.4,-1.8800000000000008,2.0239999999999996,0.582,2.8,2.9477857142857142,9.314285714285715,10.425
28,4506359,Leicester City,Manchester United,8197,10260,0.30600000000000005,2.2,0.4,3.8,15.2,1.6939999999999997,5.4,3.6,1.0580000000000003,4.6,1.6,6.2,29.8,1.9579999999999997,5.4,2.4,8.164,6.8,-2.2879999999999994,1.3640000000000003,0.30600000000000005,2.0,2.9477857142857142,9.314285714285715,10.425
28,4506360,Manchester City,Brighton & Hove Albion,8456,10204,1.2680000000000002,4.8,1.8,4.2,26.4,0.85,4.4,1.0,2.0460000000000003,6.0,4.8,3.6,30.0,1.288,3.2,2.0,14.114,10.8,1.1760000000000006,3.3140000000000005,1.2680000000000002,6.6,2.9477857142857142,9.314285714285715,10.425
28,4506354,Arsenal,Chelsea,9825,8455,1.242,4.2,2.0,6.8,31.4,0.8039999999999999,3.2,1.2,1.77,5.4,2.6,6.4,35.8,1.158,4.2,2.2,12.612,9.600000000000001,1.0500000000000003,3.012,1.242,4.6,2.9477857142857142,9.314285714285715,10.425
28,4506353,AFC Bournemouth,Brentford,8678,9937,1.4120000000000001,5.2,2.8,6.0,30.4,1.8519999999999999,4.8,2.8,1.5100000000000002,4.2,1.8,5.2,37.2,0.9780000000000001,3.2,1.8,12.322,9.4,0.09200000000000053,2.9220000000000006,1.4120000000000001,4.6,2.9477857142857142,9.314285714285715,10.425
28,4506356,Everton,West Ham United,8668,8654,1.6219999999999999,5.8,3.6,4.8,21.8,0.942,3.2,1.6,1.032,2.8,1.6,3.6,20.0,1.264,3.0,1.6,11.254000000000001,8.6,0.44799999999999995,2.654,1.032,5.2,2.9477857142857142,9.314285714285715,10.425
28,4506355,Aston Villa,Liverpool,10252,8650,1.3820000000000001,4.2,2.8,7.8,27.8,1.888,4.8,2.6,2.1420000000000003,4.8,3.4,4.4,34.6,0.8640000000000001,3.2,1.2,12.524000000000001,9.0,0.7720000000000002,3.5240000000000005,1.3820000000000001,6.199999999999999,2.9477857142857142,9.314285714285715,10.425
29,4506370,Newcastle United,Brentford,10261,9937,1.3119999999999998,3.2,2.6,4.4,21.6,1.6219999999999999,4.2,2.8,1.264,4.2,1.8,3.8,32.6,1.1400000000000001,3.8,2.0,9.975999999999999,7.4,-0.18600000000000017,2.5759999999999996,1.264,4.4,2.926931034482759,9.272413793103448,10.393103448275863
29,4506369,Manchester City,Leicester City,8456,8197,1.45,4.6,2.4,4.6,30.4,1.058,3.6,1.8,0.45,2.6,1.0,3.8,16.4,1.3840000000000001,5.0,2.2,9.1,7.199999999999999,-0.5420000000000003,1.9,0.45,3.4,2.926931034482759,9.272413793103448,10.393103448275863
29,4506371,Southampton,Crystal Palace,8466,9826,0.674,2.8,1.4,4.0,15.2,2.442,7.8,5.6,2.5159999999999996,5.0,4.0,5.0,25.0,0.9120000000000001,4.6,2.6,10.989999999999998,7.8,-0.1640000000000006,3.1899999999999995,0.674,5.4,2.926931034482759,9.272413793103448,10.393103448275863
29,4506372,Liverpool,Everton,8650,8668,2.14,4.0,3.2,5.4,36.6,0.6819999999999999,3.4,1.0,1.33,5.4,2.4,5.0,21.0,1.042,4.0,1.8,12.870000000000001,9.4,1.746,3.47,1.33,5.6,2.926931034482759,9.272413793103448,10.393103448275863
29,4506363,AFC Bournemouth,Ipswich Town,8678,9902,1.4300000000000002,5.6,2.8,6.2,33.4,1.514,4.2,2.4,0.97,4.6,1.6,4.2,16.4,1.9259999999999997,5.6,3.4,12.6,10.2,-1.0399999999999996,2.4000000000000004,0.97,4.4,2.926931034482759,9.272413793103448,10.393103448275863
29,4506364,Arsenal,Fulham,9825,9879,1.184,3.6,1.6,6.8,33.4,0.714,2.8,1.0,1.1880000000000002,4.0,2.2,6.4,22.6,1.102,4.0,1.4,9.972,7.6,0.556,2.372,1.184,3.8000000000000003,2.926931034482759,9.272413793103448,10.393103448275863
29,4506368,Chelsea,Tottenham Hotspur,8455,8586,1.5080000000000002,5.2,2.2,6.4,31.0,1.0559999999999998,4.0,2.0,1.55,5.4,1.4,6.0,29.4,1.592,5.6,3.2,13.658000000000001,10.600000000000001,0.41000000000000036,3.0580000000000003,1.5080000000000002,3.6,2.926931034482759,9.272413793103448,10.393103448275863
29,4506367,Wolverhampton Wanderers,West Ham United,8602,8654,1.1880000000000002,4.0,1.2,4.6,18.2,1.35,3.6,2.4,0.9540000000000001,2.8,1.6,4.0,20.0,1.1300000000000001,3.4,1.4,8.942,6.8,-0.3380000000000001,2.1420000000000003,0.9540000000000001,2.8,2.926931034482759,9.272413793103448,10.393103448275863
29,4506366,Nottingham Forest,Manchester United,10203,10260,0.9719999999999999,3.8,1.6,3.8,19.2,1.472,4.6,2.0,1.016,5.2,1.4,4.8,21.8,1.6480000000000001,5.4,2.2,10.988,9.0,-1.1320000000000001,1.988,0.9719999999999999,3.0,2.926931034482759,9.272413793103448,10.393103448275863
29,4506365,Brighton & Hove Albion,Aston Villa,10204,10252,2.278,5.6,5.8,3.4,29.2,0.95,2.0,1.6,1.426,4.4,3.0,7.4,29.2,2.064,4.4,2.4,13.703999999999999,10.0,0.69,3.7039999999999997,1.426,8.8,2.926931034482759,9.272413793103448,10.393103448275863
30,4506380,Manchester United,Manchester City,10260,8456,1.0379999999999998,5.2,1.6,5.8,23.6,1.298,4.4,2.0,1.518,4.2,2.0,4.2,34.8,0.9760000000000002,3.4,1.8,11.956,9.4,0.2819999999999996,2.556,1.0379999999999998,3.6,2.909066666666667,9.173333333333334,10.326666666666666
30,4506379,Leicester City,Newcastle United,8197,10261,0.42000000000000004,2.2,0.8,3.2,12.6,1.556,5.0,2.0,1.474,3.8,3.0,4.4,26.4,1.562,3.4,2.4,7.894,6.0,-1.224,1.8940000000000001,0.42000000000000004,3.8,2.909066666666667,9.173333333333334,10.326666666666666
30,4506378,Ipswich Town,Wolverhampton Wanderers,9902,8602,1.1300000000000001,4.4,2.2,4.6,17.8,1.8159999999999996,5.8,2.6,1.124,3.6,1.4,4.2,17.0,1.286,3.2,2.8,10.254000000000001,8.0,-0.8479999999999994,2.2540000000000004,1.124,3.6,2.909066666666667,9.173333333333334,10.326666666666666
30,4506377,Fulham,Liverpool,9879,8650,0.95,2.6,1.8,5.6,18.2,1.4940000000000002,4.4,1.8,2.102,4.0,3.0,6.8,38.8,0.516,2.6,1.2,9.652,6.6,1.0419999999999994,3.0519999999999996,0.95,4.8,2.909066666666667,9.173333333333334,10.326666666666666
30,4506381,Tottenham Hotspur,Southampton,8586,8466,1.278,4.4,1.6,5.2,25.6,1.5080000000000002,5.4,3.6,0.65,2.4,1.4,3.6,14.4,2.35,7.0,5.2,8.728,6.800000000000001,-1.9300000000000002,1.928,0.65,3.0,2.909066666666667,9.173333333333334,10.326666666666666
30,4506382,West Ham United,AFC Bournemouth,8654,8678,1.058,2.4,2.2,2.6,18.4,1.034,2.8,1.4,1.564,5.6,2.6,6.6,33.0,1.59,3.8,2.8,10.622,8.0,-0.0020000000000000018,2.622,1.058,4.800000000000001,2.909066666666667,9.173333333333334,10.326666666666666
30,4506373,Aston Villa,Nottingham Forest,10252,10203,1.192,4.2,2.2,4.2,23.4,2.17,4.6,2.4,0.984,3.8,1.6,3.6,19.4,1.362,3.8,1.8,10.176,8.0,-1.356,2.176,0.984,3.8000000000000003,2.909066666666667,9.173333333333334,10.326666666666666
30,4506374,Brentford,Chelsea,9937,8455,1.252,3.8,1.8,4.4,33.2,1.234,4.0,2.2,1.6199999999999999,6.2,2.8,5.4,32.6,0.946,3.4,1.4,12.872,10.0,0.692,2.872,1.252,4.6,2.909066666666667,9.173333333333334,10.326666666666666
30,4506376,Everton,Arsenal,8668,9825,1.272,4.2,2.4,5.6,20.8,0.992,3.4,1.2,1.384,3.4,1.4,6.4,34.2,0.868,3.0,1.2,10.256,7.6,0.7959999999999998,2.6559999999999997,1.272,3.8,2.909066666666667,9.173333333333334,10.326666666666666
30,4506375,Crystal Palace,Brighton & Hove Albion,9826,10204,2.32,4.4,3.4,4.2,23.8,0.8540000000000001,3.8,2.4,2.1740000000000004,5.4,4.8,3.8,30.2,1.092,3.0,1.8,14.294,9.8,2.548,4.494,2.1740000000000004,8.2,2.909066666666667,9.173333333333334,10.326666666666666
31,4506385,Brighton & Hove Albion,Leicester City,10204,8197,1.58,4.0,3.2,3.4,26.6,1.186,3.4,1.8,0.41400000000000003,2.0,0.6,4.6,11.4,1.9020000000000004,4.8,2.2,7.994,6.0,-1.0940000000000003,1.9940000000000002,0.41400000000000003,3.8000000000000003,2.9063548387096776,9.158064516129032,10.290322580645162
31,4506386,Chelsea,Ipswich Town,8455,9902,1.4060000000000001,5.8,2.8,6.0,33.6,0.716,2.6,1.4,1.06,3.8,1.8,4.6,15.8,2.016,6.0,3.2,12.065999999999999,9.6,-0.2659999999999998,2.466,1.06,4.6,2.9063548387096776,9.158064516129032,10.290322580645162
31,4506392,Wolverhampton Wanderers,Tottenham Hotspur,8602,8586,1.266,4.0,1.6,4.4,21.8,1.3219999999999998,3.0,2.8,1.36,4.8,2.2,5.2,26.2,1.4860000000000002,5.2,3.6,11.426,8.8,-0.18199999999999994,2.6260000000000003,1.266,3.8000000000000003,2.9063548387096776,9.158064516129032,10.290322580645162
31,4506391,Southampton,Aston Villa,8466,10252,0.8320000000000001,3.0,2.0,2.8,18.4,1.98,6.2,4.0,1.332,4.6,2.4,4.6,22.2,2.006,3.8,1.8,9.764,7.6,-1.8219999999999996,2.164,0.8320000000000001,4.4,2.9063548387096776,9.158064516129032,10.290322580645162
31,4506390,Nottingham Forest,Everton,10203,8668,0.9219999999999999,3.4,0.8,3.2,18.6,1.386,4.4,1.8,1.108,3.0,2.0,4.8,20.0,1.268,3.8,1.2,8.43,6.4,-0.6239999999999999,2.0300000000000002,0.9219999999999999,2.8,2.9063548387096776,9.158064516129032,10.290322580645162
31,4506389,Newcastle United,Manchester United,10261,10260,1.542,3.8,3.0,3.4,23.8,1.3,2.8,1.6,1.1380000000000001,5.0,1.4,5.2,25.4,1.014,3.8,1.4,11.48,8.8,0.3660000000000001,2.68,1.1380000000000001,4.4,2.9063548387096776,9.158064516129032,10.290322580645162
31,4506383,AFC Bournemouth,Fulham,8678,9879,1.864,5.8,2.8,6.8,32.4,1.328,3.4,2.4,1.058,3.8,2.4,5.0,18.2,1.536,4.6,2.0,12.521999999999998,9.6,0.05800000000000005,2.922,1.058,5.199999999999999,2.9063548387096776,9.158064516129032,10.290322580645162
31,4506384,Arsenal,Brentford,9825,9937,1.498,4.0,1.4,7.6,34.4,0.8719999999999999,3.0,1.4,1.184,3.0,1.8,3.8,31.2,1.3780000000000001,4.4,2.6,9.682,7.0,0.43199999999999994,2.682,1.184,3.2,2.9063548387096776,9.158064516129032,10.290322580645162
31,4506388,Manchester City,Crystal Palace,8456,9826,1.4860000000000002,4.2,2.2,3.4,29.8,1.016,3.0,1.6,2.182,4.0,3.0,3.2,23.0,1.014,4.8,2.8,11.868,8.2,1.638,3.668,1.4860000000000002,5.2,2.9063548387096776,9.158064516129032,10.290322580645162
31,4506387,Liverpool,West Ham United,8650,8654,2.2600000000000002,4.4,3.4,6.6,39.2,0.534,2.8,1.8,0.982,2.6,2.2,3.4,19.4,1.214,3.2,1.6,10.242,7.0,1.4940000000000004,3.242,0.982,5.6,2.9063548387096776,9.158064516129032,10.290322580645162
32,4506543,Aston Villa,Newcastle United,10252,10261,1.8619999999999997,6.2,3.2,5.6,27.8,1.206,3.0,0.8,1.9300000000000002,5.0,4.0,4.4,28.4,1.104,3.2,1.6,14.992,11.2,1.4819999999999998,3.792,1.8619999999999997,7.2,2.9213125,9.2,10.33125
32,4506544,Brentford,Brighton & Hove Albion,9937,10204,0.9359999999999999,2.8,1.6,4.4,28.2,1.2959999999999998,4.2,2.2,1.8780000000000001,4.6,3.6,3.8,31.0,1.194,3.6,1.8,10.213999999999999,7.3999999999999995,0.3240000000000003,2.814,0.9359999999999999,5.2,2.9213125,9.2,10.33125
32,4506547,Fulham,Chelsea,9879,8455,0.9340000000000002,4.2,1.8,6.0,22.8,1.566,4.2,2.4,1.348,5.6,2.4,8.2,37.0,0.7859999999999999,3.0,1.6,12.082,9.8,-0.06999999999999962,2.282,0.9340000000000002,4.2,2.9213125,9.2,10.33125
32,4506548,Ipswich Town,Arsenal,9902,9825,0.9880000000000001,4.0,2.2,4.2,13.8,2.3259999999999996,6.6,3.6,1.492,4.4,1.2,8.0,36.0,0.8400000000000001,3.0,1.4,10.88,8.4,-0.6859999999999995,2.48,0.9880000000000001,3.4000000000000004,2.9213125,9.2,10.33125
32,4506551,Tottenham Hotspur,Nottingham Forest,8586,10203,1.4860000000000002,4.4,2.2,4.4,24.8,1.5399999999999998,5.2,3.6,0.9460000000000001,4.0,0.6,2.8,17.0,1.46,5.2,1.8,10.832,8.4,-0.5679999999999995,2.4320000000000004,0.9460000000000001,2.8000000000000003,2.9213125,9.2,10.33125
32,4506552,West Ham United,Southampton,8654,8466,1.016,3.0,2.2,3.4,19.2,1.496,4.0,2.0,0.75,3.0,1.8,2.8,17.6,2.0740000000000003,6.2,4.0,7.766,6.0,-1.8040000000000003,1.766,0.75,4.0,2.9213125,9.2,10.33125
32,4506549,Leicester City,Liverpool,8197,8650,0.64,2.8,1.0,5.2,14.2,2.418,5.8,2.8,2.276,5.0,3.4,7.8,40.6,0.788,3.6,2.4,10.716,7.8,-0.2900000000000005,2.916,0.64,4.4,2.9213125,9.2,10.33125
32,4506550,Manchester United,Wolverhampton Wanderers,10260,8602,1.1380000000000001,4.8,1.4,4.6,23.2,1.162,4.4,2.4,1.482,4.0,2.4,3.2,21.4,1.376,2.8,2.4,11.42,8.8,0.0820000000000003,2.62,1.1380000000000001,3.8,2.9213125,9.2,10.33125
32,4506545,Crystal Palace,AFC Bournemouth,9826,8678,1.684,3.4,2.4,3.4,19.2,1.7,6.2,4.8,1.864,5.4,2.8,6.2,27.0,1.058,4.0,1.6,12.348,8.8,0.7900000000000003,3.548,1.684,5.199999999999999,2.9213125,9.2,10.33125
32,4506546,Everton,Manchester City,8668,8456,1.106,3.2,1.8,5.2,22.4,1.076,4.2,0.8,1.8240000000000003,5.0,3.8,3.0,30.4,1.114,2.4,1.8,11.13,8.2,0.7400000000000002,2.9300000000000006,1.106,5.6,2.9213125,9.2,10.33125
33,4506556,Chelsea,Everton,8455,8668,1.1720000000000002,5.8,2.4,6.6,32.4,0.8160000000000001,2.6,1.6,1.006,3.0,1.6,4.6,23.0,1.3299999999999998,5.0,1.2,10.978,8.8,0.03200000000000025,2.178,1.006,4.0,2.903545454545455,9.175757575757576,10.327272727272728
33,4506555,Brighton & Hove Albion,West Ham United,10204,8654,1.8559999999999999,4.4,3.4,4.6,30.8,1.448,5.0,2.8,1.0539999999999998,3.4,2.0,3.2,20.0,1.3439999999999999,4.2,1.6,10.71,7.800000000000001,0.11799999999999988,2.9099999999999997,1.0539999999999998,5.4,2.903545454545455,9.175757575757576,10.327272727272728
33,4506558,Manchester City,Aston Villa,8456,10252,2.06,5.8,4.4,3.6,30.6,1.15,2.2,2.0,2.0479999999999996,7.2,3.8,6.0,30.4,1.2399999999999998,3.0,1.2,17.108,13.0,1.718,4.108,2.0479999999999996,8.2,2.903545454545455,9.175757575757576,10.327272727272728
33,4506557,Liverpool,Tottenham Hotspur,8650,8586,1.966,5.6,3.8,9.2,38.4,0.77,2.8,2.2,1.608,4.8,2.8,5.2,27.6,1.1960000000000002,4.2,2.8,13.974,10.399999999999999,1.608,3.574,1.608,6.6,2.903545454545455,9.175757575757576,10.327272727272728
33,4506560,Nottingham Forest,Brentford,10203,9937,0.8960000000000001,3.8,0.8,2.4,14.2,1.716,5.8,2.6,1.2040000000000002,3.8,2.8,4.0,28.0,1.3159999999999998,4.0,2.2,9.7,7.6,-0.9319999999999995,2.1000000000000005,0.8960000000000001,3.5999999999999996,2.903545454545455,9.175757575757576,10.327272727272728
33,4506559,Newcastle United,Ipswich Town,10261,9902,1.85,5.0,3.8,5.0,29.6,1.412,4.6,2.4,0.726,2.4,1.4,3.4,11.6,2.1839999999999997,7.2,3.2,9.976,7.4,-1.0199999999999996,2.576,0.726,5.199999999999999,2.903545454545455,9.175757575757576,10.327272727272728
33,4506562,Wolverhampton Wanderers,Leicester City,8602,8197,1.3780000000000001,3.8,2.2,2.6,19.2,1.358,2.4,2.2,0.674,2.2,1.0,5.0,16.0,2.576,6.4,4.6,8.052,6.0,-1.8820000000000001,2.052,0.674,3.2,2.903545454545455,9.175757575757576,10.327272727272728
33,4506561,Southampton,Fulham,8466,9879,0.806,3.0,1.8,3.0,21.0,1.432,5.6,2.4,0.804,4.2,1.6,5.6,23.4,1.4380000000000002,5.0,2.0,8.81,7.2,-1.26,1.61,0.804,3.4000000000000004,2.903545454545455,9.175757575757576,10.327272727272728
33,4506553,AFC Bournemouth,Manchester United,8678,10260,1.568,4.6,2.0,5.8,27.6,0.826,3.2,1.4,1.098,4.0,1.2,6.0,25.0,0.8879999999999999,3.6,2.0,11.266,8.6,0.9520000000000003,2.6660000000000004,1.098,3.2,2.903545454545455,9.175757575757576,10.327272727272728
33,4506554,Arsenal,Crystal Palace,9825,9826,1.6780000000000002,4.6,1.4,8.6,43.2,0.5700000000000001,1.8,1.0,1.106,2.6,1.4,3.4,17.4,1.5479999999999998,5.4,4.2,9.984,7.199999999999999,0.6660000000000004,2.7840000000000003,1.106,2.8,2.903545454545455,9.175757575757576,10.327272727272728
34,4506566,Chelsea,Liverpool,8455,8650,1.276,6.8,2.6,7.8,34.2,0.762,2.4,2.0,1.92,6.6,3.6,9.2,37.0,0.728,2.6,2.0,16.595999999999997,13.399999999999999,1.706,3.1959999999999997,1.276,6.2,2.8979411764705882,9.16764705882353,10.341176470588236
34,4506565,Brentford,Manchester United,9937,10260,1.296,3.6,3.0,4.4,27.4,1.1620000000000001,4.0,1.6,1.42,4.2,1.6,7.2,30.4,0.784,3.2,1.6,10.516000000000002,7.800000000000001,0.7699999999999998,2.716,1.296,4.6,2.8979411764705882,9.16764705882353,10.341176470588236
34,4506564,Aston Villa,Fulham,10252,9879,2.2659999999999996,7.0,4.0,5.2,30.0,1.004,3.6,1.2,1.0939999999999999,4.4,1.4,7.0,25.8,1.374,4.8,1.8,14.76,11.4,0.9819999999999993,3.3599999999999994,1.0939999999999999,5.4,2.8979411764705882,9.16764705882353,10.341176470588236
34,4506563,Arsenal,AFC Bournemouth,9825,8678,1.7719999999999998,5.0,2.2,8.2,42.4,0.8600000000000001,2.2,2.0,1.34,3.8,1.6,6.0,21.6,1.1640000000000001,3.6,1.4,11.911999999999999,8.8,1.0879999999999996,3.112,1.34,3.8000000000000003,2.8979411764705882,9.16764705882353,10.341176470588236
34,4506571,West Ham United,Tottenham Hotspur,8654,8586,1.1420000000000001,3.2,2.2,2.4,20.0,1.406,5.0,1.8,1.51,4.6,2.6,4.6,25.8,1.4579999999999997,5.0,2.8,10.452,7.8,-0.21199999999999952,2.652,1.1420000000000001,4.800000000000001,2.8979411764705882,9.16764705882353,10.341176470588236
34,4506572,Brighton & Hove Albion,Newcastle United,10204,10261,1.7100000000000002,5.6,2.6,5.2,33.2,1.3579999999999999,5.2,2.4,2.112,4.6,4.0,6.2,39.8,1.0319999999999998,3.8,1.8,14.022,10.2,1.4320000000000006,3.822,1.7100000000000002,6.6,2.8979411764705882,9.16764705882353,10.341176470588236
34,4506569,Leicester City,Southampton,8197,8466,0.694,2.0,0.6,4.2,14.4,2.798,6.6,5.0,0.658,3.0,1.4,2.0,18.4,1.844,6.0,2.4,6.352,5.0,-3.29,1.3519999999999999,0.658,2.0,2.8979411764705882,9.16764705882353,10.341176470588236
34,4506570,Manchester City,Wolverhampton Wanderers,8456,8602,1.9820000000000004,6.4,4.2,4.8,28.6,1.0939999999999999,2.2,1.4,1.7099999999999997,4.4,2.4,3.2,22.4,1.314,2.2,1.8,14.492,10.8,1.2840000000000003,3.692,1.7099999999999997,6.6,2.8979411764705882,9.16764705882353,10.341176470588236
34,4506567,Crystal Palace,Nottingham Forest,9826,10203,1.068,2.6,1.8,3.8,16.8,1.476,5.2,4.0,0.772,3.6,0.2,2.6,17.4,1.89,5.6,3.2,8.040000000000001,6.2,-1.5259999999999998,1.84,0.772,2.0,2.8979411764705882,9.16764705882353,10.341176470588236
34,4506568,Everton,Ipswich Town,8668,9902,0.8940000000000001,2.6,1.8,3.8,19.4,1.34,5.4,1.2,0.662,1.6,1.4,2.6,10.4,2.4499999999999997,7.0,3.8,5.756,4.2,-2.2339999999999995,1.556,0.662,3.2,2.8979411764705882,9.16764705882353,10.341176470588236
35,4506579,Nottingham Forest,Leicester City,10203,8197,0.8219999999999998,4.0,0.2,2.8,17.2,2.0279999999999996,5.0,3.4,0.96,2.8,0.8,5.4,17.8,2.456,6.0,4.8,8.582,6.8,-2.702,1.7819999999999998,0.8219999999999998,1.0,2.884857142857143,9.097142857142858,10.271428571428572
35,4506580,Southampton,Manchester City,8466,8456,0.6300000000000001,3.0,1.4,3.0,18.2,1.9760000000000002,6.2,2.4,1.6759999999999997,5.8,4.0,4.6,27.4,1.1600000000000001,2.4,1.8,11.106,8.8,-0.8300000000000005,2.306,0.6300000000000001,5.4,2.884857142857143,9.097142857142858,10.271428571428572
35,4506575,Ipswich Town,Brentford,9902,9937,0.5980000000000001,2.2,1.0,2.6,11.0,2.1860000000000004,6.2,3.8,1.536,4.2,3.8,4.8,25.4,1.216,4.2,1.4,8.534,6.4,-1.2680000000000002,2.1340000000000003,0.5980000000000001,4.8,2.884857142857143,9.097142857142858,10.271428571428572
35,4506576,Liverpool,Arsenal,8650,9825,1.8359999999999999,6.4,4.0,8.2,37.0,1.22,4.0,2.6,1.5799999999999998,5.0,2.6,7.6,41.2,0.8560000000000001,2.0,2.2,14.815999999999999,11.4,1.3399999999999996,3.4159999999999995,1.5799999999999998,6.6,2.884857142857143,9.097142857142858,10.271428571428572
35,4506573,AFC Bournemouth,Aston Villa,8678,10252,1.16,2.8,1.8,5.0,18.0,1.214,4.0,1.6,2.2079999999999997,6.6,4.6,6.2,29.6,0.994,3.4,1.4,12.767999999999999,9.399999999999999,1.1599999999999997,3.3679999999999994,1.16,6.3999999999999995,2.884857142857143,9.097142857142858,10.271428571428572
35,4506574,Fulham,Everton,9879,8668,1.066,4.4,1.2,6.8,27.6,1.09,4.6,2.4,0.8700000000000001,3.2,1.8,3.2,20.6,1.2159999999999997,5.8,1.2,9.536000000000001,7.6000000000000005,-0.36999999999999966,1.9360000000000002,0.8700000000000001,3.0,2.884857142857143,9.097142857142858,10.271428571428572
35,4506577,Manchester United,West Ham United,10260,8654,1.4060000000000001,4.0,1.2,5.8,26.8,1.248,4.0,2.8,1.042,3.4,1.8,2.2,20.4,1.3239999999999998,5.0,1.6,9.848,7.4,-0.12399999999999967,2.4480000000000004,1.042,3.0,2.884857142857143,9.097142857142858,10.271428571428572
35,4506578,Newcastle United,Chelsea,10261,8455,2.228,4.8,3.8,6.2,39.4,0.85,3.6,1.6,1.682,7.2,2.8,7.6,34.8,0.798,2.4,2.2,15.91,12.0,2.262,3.91,1.682,6.6,2.884857142857143,9.097142857142858,10.271428571428572
35,4506581,Tottenham Hotspur,Crystal Palace,8586,9826,1.4900000000000002,4.6,2.4,4.0,23.0,1.406,4.4,2.4,1.384,2.6,2.4,4.8,21.4,1.488,5.6,3.8,10.074,7.199999999999999,-0.019999999999999796,2.874,1.384,4.8,2.884857142857143,9.097142857142858,10.271428571428572
35,4506582,Wolverhampton Wanderers,Brighton & Hove Albion,8602,10204,1.5539999999999998,4.2,2.4,4.0,22.2,1.1880000000000002,2.4,1.2,1.668,5.2,2.8,4.6,31.4,1.4819999999999998,5.2,2.2,12.622,9.4,0.5519999999999998,3.2219999999999995,1.5539999999999998,5.199999999999999,2.884857142857143,9.097142857142858,10.271428571428572
36,4506583,Arsenal,Newcastle United,9825,10261,1.738,5.4,3.2,6.2,39.8,1.116,2.6,2.6,1.892,5.0,3.4,6.2,42.6,0.8919999999999998,3.8,1.8,14.030000000000001,10.4,1.6219999999999999,3.63,1.738,6.6,2.8827499999999997,9.094444444444445,10.277777777777779
36,4506584,Aston Villa,Tottenham Hotspur,10252,8586,1.7979999999999996,5.6,4.2,5.4,26.8,0.858,3.6,1.8,1.2120000000000002,3.2,1.8,4.0,21.4,1.8699999999999999,5.6,3.6,11.809999999999999,8.8,0.2819999999999999,3.01,1.2120000000000002,6.0,2.8827499999999997,9.094444444444445,10.277777777777779
36,4506585,Brentford,Fulham,9937,9879,1.582,4.8,3.4,5.4,25.8,1.156,4.0,1.0,1.076,4.4,0.8,7.0,30.0,1.014,4.8,2.4,11.858,9.2,0.4880000000000002,2.6580000000000004,1.076,4.2,2.8827499999999997,9.094444444444445,10.277777777777779
36,4506586,Brighton & Hove Albion,Liverpool,10204,8650,1.782,4.6,2.8,4.6,30.2,1.544,5.2,2.4,2.014,6.2,4.2,8.0,38.4,1.5879999999999999,4.2,2.8,14.596,10.8,0.6640000000000001,3.796,1.782,7.0,2.8827499999999997,9.094444444444445,10.277777777777779
36,4506589,Everton,Southampton,8668,8466,0.876,4.2,2.0,3.6,21.0,1.016,6.0,1.2,0.44200000000000006,2.2,0.8,3.0,14.6,1.916,5.6,1.6,7.718000000000001,6.4,-1.6139999999999999,1.318,0.44200000000000006,2.8,2.8827499999999997,9.094444444444445,10.277777777777779
36,4506590,Leicester City,Ipswich Town,8197,9902,1.074,3.6,1.6,3.8,18.8,2.066,5.8,4.8,0.624,2.6,1.0,2.8,10.6,1.9260000000000002,5.8,3.2,7.898,6.2,-2.294,1.698,0.624,2.6,2.8827499999999997,9.094444444444445,10.277777777777779
36,4506591,Manchester City,AFC Bournemouth,8456,8678,1.9419999999999997,5.8,3.8,7.0,39.6,0.998,2.0,1.8,0.8959999999999999,2.8,1.8,5.6,19.2,1.2719999999999998,4.0,1.8,11.437999999999999,8.6,0.5679999999999998,2.8379999999999996,0.8959999999999999,5.6,2.8827499999999997,9.094444444444445,10.277777777777779
36,4506592,West Ham United,Nottingham Forest,8654,10203,1.256,3.6,2.4,2.4,21.0,1.346,5.2,2.0,0.7859999999999999,4.2,1.0,2.8,16.2,1.6320000000000001,4.6,3.4,9.841999999999999,7.800000000000001,-0.9360000000000003,2.042,0.7859999999999999,3.4,2.8827499999999997,9.094444444444445,10.277777777777779
36,4506588,Crystal Palace,Wolverhampton Wanderers,9826,8602,1.936,4.0,4.2,6.0,25.8,1.434,4.8,3.6,1.1940000000000002,3.4,1.8,3.8,19.2,1.342,2.4,1.4,10.53,7.4,0.3540000000000001,3.13,1.1940000000000002,6.0,2.8827499999999997,9.094444444444445,10.277777777777779
36,4506587,Chelsea,Manchester United,8455,10260,1.5739999999999998,6.8,2.4,8.0,33.2,0.876,3.2,2.0,1.6700000000000004,4.6,2.0,6.4,28.0,1.502,3.8,3.4,14.644,11.399999999999999,0.8660000000000002,3.244,1.5739999999999998,4.4,2.8827499999999997,9.094444444444445,10.277777777777779
37,4506596,Liverpool,Crystal Palace,8650,9826,2.104,6.0,4.4,6.6,40.0,1.7280000000000002,5.8,2.4,1.904,5.4,4.0,5.2,27.6,0.954,3.6,1.6,15.408,11.4,1.326,4.008,1.904,8.4,2.8825945945945946,9.1,10.245945945945946
37,4506595,Ipswich Town,West Ham United,9902,8654,0.692,2.2,0.6,2.4,15.0,1.6320000000000001,4.6,2.4,1.182,3.8,1.6,3.4,23.6,1.3820000000000001,5.0,2.4,7.874,6.0,-1.1400000000000003,1.8739999999999999,0.692,2.2,2.8825945945945946,9.1,10.245945945945946
37,4506598,Newcastle United,Everton,10261,8668,1.83,4.8,2.8,6.2,41.2,0.876,3.6,1.6,1.15,4.2,2.4,3.0,21.8,1.1540000000000001,5.4,1.6,11.98,9.0,0.9499999999999998,2.98,1.15,5.199999999999999,2.8825945945945946,9.1,10.245945945945946
37,4506597,Manchester United,Aston Villa,10260,10252,1.584,3.8,1.6,6.4,28.4,1.232,3.2,2.8,1.4699999999999998,5.0,3.6,4.6,25.2,0.898,3.4,1.8,11.854,8.8,0.9239999999999997,3.054,1.4699999999999998,5.2,2.8825945945945946,9.1,10.245945945945946
37,4506593,AFC Bournemouth,Leicester City,8678,8197,0.828,2.6,1.8,4.6,19.6,1.366,3.6,2.2,0.9339999999999999,3.0,1.2,3.0,16.2,1.566,4.8,3.6,7.362,5.6,-1.1700000000000004,1.762,0.828,3.0,2.8825945945945946,9.1,10.245945945945946
37,4506594,Fulham,Manchester City,9879,8456,1.06,4.4,1.0,5.8,26.4,1.296,5.4,2.8,1.488,5.0,2.0,7.4,37.4,0.858,1.8,1.6,11.948,9.4,0.3939999999999999,2.548,1.06,3.0,2.8825945945945946,9.1,10.245945945945946
37,4506601,Tottenham Hotspur,Brighton & Hove Albion,8586,10204,0.9219999999999999,2.6,1.6,3.4,19.0,1.67,6.0,3.4,1.44,5.6,1.8,4.6,32.8,1.6900000000000002,5.0,2.6,10.562,8.2,-0.9980000000000002,2.362,0.9219999999999999,3.4000000000000004,2.8825945945945946,9.1,10.245945945945946
37,4506602,Wolverhampton Wanderers,Brentford,8602,9937,0.998,3.0,1.4,5.4,19.4,1.282,3.6,1.4,2.1079999999999997,5.6,4.0,5.4,29.8,1.1620000000000001,4.8,1.2,11.706,8.6,0.6619999999999995,3.106,0.998,5.4,2.8825945945945946,9.1,10.245945945945946
37,4506600,Southampton,Arsenal,8466,9825,0.6220000000000001,2.2,1.0,3.6,16.4,1.8560000000000003,4.6,1.2,1.674,5.6,3.2,5.6,38.6,1.44,3.2,3.0,10.096,7.8,-1.0000000000000002,2.2960000000000003,0.6220000000000001,4.2,2.8825945945945946,9.1,10.245945945945946
37,4506599,Nottingham Forest,Chelsea,10203,8455,1.074,4.2,1.8,4.0,20.4,1.5859999999999999,4.6,3.0,1.284,5.6,2.2,6.4,25.2,0.72,2.6,1.4,12.158,9.8,0.05200000000000027,2.358,1.074,4.0,2.8825945945945946,9.1,10.245945945945946
