round,matchId,homeTeamName,awayTeamName,xG_home,xG_away,xG_total,xG_min,shots_home,shots_away,shots_total,sot_home,sot_away,sot_total,bigch_home,bigch_away,bigch_total,corners_home,corners_away,corners_total,yellow_cards_home,yellow_cards_away,red_cards_home,red_cards_away,total_cards,target_1_simple_xg,target_2_shot_quality,target_3_chances,target_4_end_to_end,target_5_intensity,target_6_comprehensive,target_7_minimal
0,0_Manchester United_vs_Fulham,Manchester United,Fulham,2.43,0.44,2.87,0.44,14,10,24,5,2,7,4,0,4,7,8,15,0.0,0.0,0.0,0.0,0.0,3.31,10.035,11.661000000000001,13.75,9.261000000000001,9.4175,11.322000000000001
0,0_Ipswich Town_vs_Liverpool,Ipswich Town,Liverpool,0.45,2.65,3.1,0.45,7,18,25,2,5,7,0,6,6,2,10,12,0.0,0.0,0.0,0.0,0.0,3.5500000000000003,10.450000000000001,12.73,11.0,9.23,9.524999999999999,11.86
0,0_Arsenal_vs_Wolverhampton Wanderers,Arsenal,Wolverhampton Wanderers,1.24,0.47,1.71,0.47,18,9,27,6,3,9,2,1,3,8,2,10,0.0,0.0,0.0,0.0,0.0,2.1799999999999997,10.755,12.213000000000001,11.65,8.363,9.127500000000001,11.826
0,0_Everton_vs_Brighton & Hove Albion,Everton,Brighton & Hove Albion,0.45,1.43,1.88,0.45,9,10,19,1,5,6,0,2,2,1,5,6,0.0,0.0,0.0,0.0,0.0,2.33,7.840000000000001,8.764000000000001,11.78,5.864,6.369999999999999,8.728
0,0_Newcastle United_vs_Southampton,Newcastle United,Southampton,0.25,1.77,2.02,0.25,3,19,22,1,4,5,1,3,4,3,12,15,0.0,0.0,0.0,0.0,0.0,2.27,8.61,10.606,5.52,8.606,8.504999999999999,10.012
0,0_Nottingham Forest_vs_AFC Bournemouth,Nottingham Forest,AFC Bournemouth,1.3,1.22,2.52,1.22,14,13,27,8,4,12,1,3,4,2,6,8,0.0,0.0,0.0,0.0,0.0,3.74,11.76,12.756,17.96,8.356,9.629999999999999,12.312000000000001
0,0_West Ham United_vs_Aston Villa,West Ham United,Aston Villa,2.46,2.03,4.49,2.03,14,15,29,3,3,6,4,4,8,5,3,8,0.0,0.0,0.0,0.0,0.0,6.52,12.145,15.347000000000001,22.55,9.947,10.2225,14.294
0,0_Brentford_vs_Crystal Palace,Brentford,Crystal Palace,1.59,1.17,2.76,1.17,9,14,23,5,6,11,3,1,4,4,7,11,0.0,0.0,0.0,0.0,0.0,3.9299999999999997,10.48,11.228,14.1,8.228000000000002,9.190000000000001,10.856000000000002
0,0_Chelsea_vs_Manchester City,Chelsea,Manchester City,1.01,0.77,1.78,0.77,10,11,21,3,5,8,1,1,2,4,3,7,0.0,0.0,0.0,0.0,0.0,2.55,8.79,9.534,13.32,6.434,7.195,9.468
0,0_Leicester City_vs_Tottenham Hotspur,Leicester City,Tottenham Hotspur,1.05,1.18,2.23,1.05,7,15,22,3,7,10,2,2,4,2,13,15,0.0,0.0,0.0,0.0,0.0,3.2800000000000002,9.715,10.669,11.33,8.668999999999999,9.307500000000001,10.138
1,1_AFC Bournemouth_vs_Newcastle United,AFC Bournemouth,Newcastle United,2.26,1.69,3.9499999999999997,1.69,16,14,30,4,5,9,2,4,6,8,9,17,0.0,0.0,0.0,0.0,0.0,5.64,12.775,14.985000000000001,21.33,11.485000000000001,11.787500000000001,14.37
1,1_Aston Villa_vs_Arsenal,Aston Villa,Arsenal,1.28,0.87,2.15,0.87,11,9,20,3,4,7,2,2,4,4,1,5,0.0,0.0,0.0,0.0,0.0,3.02,8.475,9.844999999999999,12.89,6.244999999999999,6.937499999999999,9.29
1,1_Brighton & Hove Albion_vs_Manchester United,Brighton & Hove Albion,Manchester United,2.09,1.43,3.5199999999999996,1.43,14,11,25,5,4,9,2,2,4,4,4,8,0.0,0.0,0.0,0.0,0.0,4.949999999999999,11.06,12.255999999999998,17.38,8.256,9.03,12.112
1,1_Crystal Palace_vs_West Ham United,Crystal Palace,West Ham United,1.35,1.39,2.74,1.35,14,18,32,2,3,5,2,1,3,3,3,6,0.0,0.0,0.0,0.0,0.0,4.09,11.969999999999999,14.522000000000002,19.44,8.872,9.185,14.444
1,1_Fulham_vs_Leicester City,Fulham,Leicester City,1.78,0.61,2.39,0.61,18,10,28,6,4,10,3,1,4,7,5,12,0.0,0.0,0.0,0.0,0.0,3.0,11.595,13.117,13.61,9.317,10.0975,12.634
1,1_Liverpool_vs_Brentford,Liverpool,Brentford,2.65,0.55,3.2,0.55,19,8,27,8,2,10,4,2,6,9,4,13,0.0,0.0,0.0,0.0,0.0,3.75,11.7,13.560000000000002,12.3,9.860000000000001,10.549999999999999,12.72
1,1_Manchester City_vs_Ipswich Town,Manchester City,Ipswich Town,3.34,0.29,3.63,0.29,14,1,15,5,1,6,5,1,6,10,1,11,0.0,0.0,0.0,0.0,0.0,3.92,7.515,8.889,5.21,7.189,7.3575,8.178
1,1_Southampton_vs_Nottingham Forest,Southampton,Nottingham Forest,0.14,2.45,2.5900000000000003,0.14,5,23,28,1,8,9,0,6,6,4,10,14,0.0,0.0,0.0,0.0,0.0,2.7300000000000004,11.495000000000001,13.777,7.87,10.077000000000002,10.5975,12.754000000000001
1,1_Tottenham Hotspur_vs_Everton,Tottenham Hotspur,Everton,2.43,1.0,3.43,1.0,13,10,23,7,1,8,6,0,6,12,5,17,0.0,0.0,0.0,0.0,0.0,4.43,10.215,12.029,15.43,9.929,10.107500000000002,11.258000000000001
1,1_Wolverhampton Wanderers_vs_Chelsea,Wolverhampton Wanderers,Chelsea,1.96,1.68,3.6399999999999997,1.68,12,14,26,4,8,12,5,5,10,5,5,10,0.0,0.0,0.0,0.0,0.0,5.319999999999999,12.02,14.492,19.0,9.792,10.91,12.584
2,2_Arsenal_vs_Brighton & Hove Albion,Arsenal,Brighton & Hove Albion,2.14,1.76,3.9000000000000004,1.76,11,22,33,7,4,11,5,3,8,3,7,10,0.0,0.0,0.0,0.0,0.0,5.66,14.05,16.770000000000003,18.42,10.969999999999999,11.925,15.540000000000001
2,2_Brentford_vs_Southampton,Brentford,Southampton,2.78,1.57,4.35,1.57,20,18,38,7,6,13,6,2,8,2,8,10,0.0,0.0,0.0,0.0,0.0,5.92,16.175,18.905,25.490000000000002,12.105,13.337499999999999,17.810000000000002
2,2_Chelsea_vs_Crystal Palace,Chelsea,Crystal Palace,2.37,0.54,2.91,0.54,13,9,22,7,3,10,5,0,5,4,4,8,0.0,0.0,0.0,0.0,0.0,3.45,10.055,11.173,12.99,7.623000000000001,8.5775,10.546000000000001
2,2_Everton_vs_AFC Bournemouth,Everton,AFC Bournemouth,1.99,2.37,4.36,1.99,18,17,35,8,7,15,5,5,10,8,4,12,0.0,0.0,0.0,0.0,0.0,6.3500000000000005,15.68,18.308,25.34,12.208,13.64,16.616
2,2_Ipswich Town_vs_Fulham,Ipswich Town,Fulham,0.45,0.95,1.4,0.45,11,9,20,4,4,8,1,2,3,8,6,14,0.0,0.0,0.0,0.0,0.0,1.8499999999999999,8.3,9.32,11.3,7.670000000000001,8.1,8.84
2,2_Leicester City_vs_Aston Villa,Leicester City,Aston Villa,0.45,1.55,2.0,0.45,9,10,19,3,5,8,1,4,5,1,4,5,0.0,0.0,0.0,0.0,0.0,2.45,8.3,9.700000000000001,11.9,6.15,7.000000000000001,8.8
2,2_Manchester United_vs_Liverpool,Manchester United,Liverpool,1.36,1.79,3.1500000000000004,1.36,8,11,19,3,3,6,3,6,9,5,2,7,0.0,0.0,0.0,0.0,0.0,4.510000000000001,8.475000000000001,11.245000000000001,13.870000000000001,7.495,7.8875,9.49
2,2_Newcastle United_vs_Tottenham Hotspur,Newcastle United,Tottenham Hotspur,1.83,1.26,3.09,1.26,9,20,29,3,6,9,2,2,4,7,12,19,0.0,0.0,0.0,0.0,0.0,4.35,12.045,13.727,14.61,11.127,11.3725,13.454
2,2_Nottingham Forest_vs_Wolverhampton Wanderers,Nottingham Forest,Wolverhampton Wanderers,1.04,0.74,1.78,0.74,16,11,27,5,3,8,1,2,3,7,3,10,0.0,0.0,0.0,0.0,0.0,2.52,10.59,12.234000000000002,14.26,8.384,8.995000000000001,11.868
2,2_West Ham United_vs_Manchester City,West Ham United,Manchester City,0.73,3.0,3.73,0.73,10,23,33,2,8,10,1,5,6,3,11,14,0.0,0.0,0.0,0.0,0.0,4.46,13.765,16.119,15.19,11.419,12.0325,15.438
3,3_AFC Bournemouth_vs_Chelsea,AFC Bournemouth,Chelsea,1.77,0.77,2.54,0.77,19,10,29,7,3,10,1,1,2,6,3,9,0.0,0.0,0.0,0.0,0.0,3.31,11.969999999999999,12.962000000000002,14.08,8.662000000000003,9.585,13.124000000000002
3,3_Aston Villa_vs_Everton,Aston Villa,Everton,2.12,0.9,3.02,0.9,17,6,23,8,2,10,6,2,8,6,2,8,0.0,0.0,0.0,0.0,0.0,3.92,10.41,12.506000000000002,10.82,8.306,9.254999999999999,11.012
3,3_Brighton & Hove Albion_vs_Ipswich Town,Brighton & Hove Albion,Ipswich Town,1.66,0.35,2.01,0.35,21,6,27,6,1,7,3,1,4,9,2,11,0.0,0.0,0.0,0.0,0.0,2.36,10.505,12.603,8.71,8.802999999999999,9.202499999999999,12.006
3,3_Crystal Palace_vs_Leicester City,Crystal Palace,Leicester City,2.55,1.23,3.78,1.23,20,9,29,4,4,8,4,3,7,5,2,7,0.0,0.0,0.0,0.0,0.0,5.01,12.19,14.834000000000001,15.24,9.384000000000002,10.045000000000002,13.868000000000002
3,3_Fulham_vs_West Ham United,Fulham,West Ham United,1.54,0.76,2.3,0.76,21,11,32,5,3,8,4,1,5,3,2,5,0.0,0.0,0.0,0.0,0.0,3.0599999999999996,12.35,14.99,14.82,8.84,9.675,14.18
3,3_Liverpool_vs_Nottingham Forest,Liverpool,Nottingham Forest,0.94,0.44,1.38,0.44,14,5,19,5,3,8,1,2,3,7,2,9,0.0,0.0,0.0,0.0,0.0,1.8199999999999998,7.99,8.914,7.26,6.464,7.1450000000000005,8.428
3,3_Manchester City_vs_Brentford,Manchester City,Brentford,2.17,0.96,3.13,0.96,18,8,26,7,5,12,2,1,3,12,3,15,0.0,0.0,0.0,0.0,0.0,4.09,11.765,12.239,13.05,9.588999999999999,10.4825,12.278
3,3_Southampton_vs_Manchester United,Southampton,Manchester United,1.12,2.67,3.79,1.12,6,20,26,4,10,14,3,5,8,0,7,7,0.0,0.0,0.0,0.0,0.0,4.91,12.495000000000001,13.937000000000001,12.030000000000001,8.937,10.4975,12.674
3,3_Tottenham Hotspur_vs_Arsenal,Tottenham Hotspur,Arsenal,0.71,0.74,1.45,0.71,15,7,22,5,4,9,0,2,2,7,6,13,0.0,0.0,0.0,0.0,0.0,2.16,9.125,9.835,9.870000000000001,7.735,8.362499999999999,9.67
3,3_Wolverhampton Wanderers_vs_Newcastle United,Wolverhampton Wanderers,Newcastle United,1.23,1.52,2.75,1.23,12,14,26,5,6,11,2,2,4,4,7,11,0.0,0.0,0.0,0.0,0.0,3.98,11.375,12.424999999999999,17.21,8.825000000000001,9.7875,12.05
4,4_Aston Villa_vs_Wolverhampton Wanderers,Aston Villa,Wolverhampton Wanderers,1.73,0.51,2.24,0.51,9,10,19,4,4,8,5,0,5,6,5,11,0.0,0.0,0.0,0.0,0.0,2.75,8.42,9.772000000000002,12.26,7.422000000000001,7.960000000000001,8.944
4,4_Brighton & Hove Albion_vs_Nottingham Forest,Brighton & Hove Albion,Nottingham Forest,1.0,1.42,2.42,1.0,14,4,18,3,3,6,2,2,4,9,1,10,0.0,0.0,0.0,0.0,0.0,3.42,7.81,9.126000000000001,8.42,6.926,7.205,8.652000000000001
4,4_Crystal Palace_vs_Manchester United,Crystal Palace,Manchester United,1.01,1.7,2.71,1.01,9,15,24,4,6,10,3,5,8,4,11,15,0.0,0.0,0.0,0.0,0.0,3.7199999999999998,10.555,12.813000000000002,13.73,9.812999999999999,10.4275,11.226
4,4_Fulham_vs_Newcastle United,Fulham,Newcastle United,2.29,1.54,3.83,1.54,22,16,38,11,5,16,5,1,6,6,0,6,0.0,0.0,0.0,0.0,0.0,5.37,16.515,18.149,22.91,10.849000000000002,12.757500000000002,17.498
4,4_Leicester City_vs_Everton,Leicester City,Everton,0.66,1.1,1.7600000000000002,0.66,12,17,29,2,5,7,2,3,5,6,1,7,0.0,0.0,0.0,0.0,0.0,2.4200000000000004,10.98,13.628000000000002,15.08,8.478000000000002,9.090000000000002,12.656000000000002
4,4_Liverpool_vs_AFC Bournemouth,Liverpool,AFC Bournemouth,2.06,1.08,3.14,1.08,19,19,38,13,6,19,4,2,6,3,9,12,0.0,0.0,0.0,0.0,0.0,4.220000000000001,16.77,17.942,24.3,11.842,13.934999999999999,17.084
4,4_Manchester City_vs_Arsenal,Manchester City,Arsenal,2.18,0.67,2.85,0.67,33,5,38,11,3,14,5,3,8,8,2,10,0.0,0.0,0.0,0.0,0.0,3.52,15.625000000000002,18.455000000000002,9.190000000000001,11.655,13.112499999999999,16.91
4,4_Southampton_vs_Ipswich Town,Southampton,Ipswich Town,2.49,1.69,4.18,1.69,11,13,24,3,6,9,4,2,6,2,10,12,0.0,0.0,0.0,0.0,0.0,5.869999999999999,11.09,12.654000000000002,18.56,9.354000000000001,9.895,12.108
4,4_Tottenham Hotspur_vs_Brentford,Tottenham Hotspur,Brentford,3.52,0.8,4.32,0.8,23,6,29,10,6,16,7,2,9,9,4,13,0.0,0.0,0.0,0.0,0.0,5.12,14.059999999999999,15.596,11.92,11.046000000000001,12.58,14.192000000000002
4,4_West Ham United_vs_Chelsea,West Ham United,Chelsea,0.85,2.19,3.04,0.85,15,12,27,7,5,12,0,5,5,6,5,11,0.0,0.0,0.0,0.0,0.0,3.89,12.02,13.212,16.740000000000002,9.262,10.360000000000001,12.624
5,5_AFC Bournemouth_vs_Southampton,AFC Bournemouth,Southampton,1.37,0.6,1.9700000000000002,0.6,14,9,23,6,3,9,1,1,2,6,4,10,0.0,0.0,0.0,0.0,0.0,2.5700000000000003,9.685,10.391,12.17,7.4910000000000005,8.2425,10.382000000000001
5,5_Arsenal_vs_Leicester City,Arsenal,Leicester City,4.6,0.32,4.92,0.32,35,5,40,16,3,19,9,0,9,17,0,17,0.0,0.0,0.0,0.0,0.0,5.24,18.26,20.176,10.559999999999999,14.225999999999999,15.98,18.951999999999998
5,5_Brentford_vs_West Ham United,Brentford,West Ham United,0.37,0.99,1.3599999999999999,0.37,8,19,27,3,3,6,1,1,2,7,6,13,0.0,0.0,0.0,0.0,0.0,1.73,9.98,11.808,10.1,8.708000000000002,8.89,11.616000000000001
5,5_Chelsea_vs_Brighton & Hove Albion,Chelsea,Brighton & Hove Albion,4.16,1.11,5.2700000000000005,1.11,15,15,30,7,5,12,7,3,10,8,2,10,0.0,0.0,0.0,0.0,0.0,6.380000000000001,14.035,16.581,22.490000000000002,11.081,12.1175,15.162
5,5_Everton_vs_Crystal Palace,Everton,Crystal Palace,0.89,0.95,1.8399999999999999,0.89,8,17,25,2,5,7,1,1,2,5,8,13,0.0,0.0,0.0,0.0,0.0,2.73,9.82,11.152,11.620000000000001,8.452,8.76,11.104
5,5_Ipswich Town_vs_Aston Villa,Ipswich Town,Aston Villa,1.18,0.82,2.0,0.82,15,7,22,5,3,8,4,2,6,10,0,10,0.0,0.0,0.0,0.0,0.0,2.82,9.2,11.200000000000001,10.64,7.9,8.5,10.0
5,5_Manchester United_vs_Tottenham Hotspur,Manchester United,Tottenham Hotspur,0.96,4.59,5.55,0.96,11,24,35,2,10,12,0,9,9,5,3,8,0.0,0.0,0.0,0.0,0.0,6.51,15.675,18.365,18.47,11.614999999999998,12.737499999999999,17.33
5,5_Newcastle United_vs_Manchester City,Newcastle United,Manchester City,1.57,0.91,2.48,0.91,11,16,27,4,6,10,2,1,3,5,6,11,0.0,0.0,0.0,0.0,0.0,3.39,11.34,12.444,15.3,8.794,9.620000000000001,12.288
5,5_Nottingham Forest_vs_Fulham,Nottingham Forest,Fulham,0.8,1.33,2.13,0.8,11,14,25,1,2,3,0,1,1,6,5,11,0.0,0.0,0.0,0.0,0.0,2.9299999999999997,9.165,10.939,14.73,7.989000000000001,7.782500000000001,11.278
5,5_Wolverhampton Wanderers_vs_Liverpool,Wolverhampton Wanderers,Liverpool,0.63,2.54,3.17,0.63,8,10,18,3,6,9,1,3,4,2,10,12,0.0,0.0,0.0,0.0,0.0,3.8,8.785,9.351,12.43,7.551,8.142499999999998,9.102
6,6_Arsenal_vs_Southampton,Arsenal,Southampton,2.83,0.65,3.48,0.65,29,8,37,6,2,8,4,2,6,13,1,14,0.0,0.0,0.0,0.0,0.0,4.13,14.44,17.644000000000002,12.780000000000001,12.144000000000002,12.469999999999999,16.888
6,6_Aston Villa_vs_Manchester United,Aston Villa,Manchester United,0.5,0.56,1.06,0.5,11,10,21,1,4,5,0,0,0,6,3,9,0.0,0.0,0.0,0.0,0.0,1.56,7.83,8.718,12.06,6.318,6.5649999999999995,9.036
6,6_Brentford_vs_Wolverhampton Wanderers,Brentford,Wolverhampton Wanderers,4.25,1.05,5.3,1.05,19,17,36,12,6,18,8,1,9,10,3,13,0.0,0.0,0.0,0.0,0.0,6.35,17.05,18.69,24.4,12.739999999999998,14.524999999999999,17.58
6,6_Brighton & Hove Albion_vs_Tottenham Hotspur,Brighton & Hove Albion,Tottenham Hotspur,1.76,1.34,3.1,1.34,11,13,24,4,3,7,4,1,5,4,7,11,0.0,0.0,0.0,0.0,0.0,4.44,10.15,12.030000000000001,16.78,8.68,9.025,11.46
6,6_Chelsea_vs_Nottingham Forest,Chelsea,Nottingham Forest,2.46,0.87,3.33,0.87,22,16,38,8,9,17,3,4,7,11,3,14,0.0,0.0,0.0,0.0,0.0,4.2,16.465000000000003,18.299,21.07,12.449000000000002,14.132500000000002,17.198
6,6_Crystal Palace_vs_Liverpool,Crystal Palace,Liverpool,0.64,1.39,2.03,0.64,9,16,25,5,4,9,2,4,6,3,8,11,0.0,0.0,0.0,0.0,0.0,2.67,10.315000000000001,12.409,12.309999999999999,8.709,9.4075,11.218
6,6_Everton_vs_Newcastle United,Everton,Newcastle United,0.67,2.05,2.7199999999999998,0.67,8,14,22,2,3,5,2,1,3,0,10,10,0.0,0.0,0.0,0.0,0.0,3.3899999999999997,8.959999999999999,10.516000000000002,12.059999999999999,7.666,7.78,10.432
6,6_Leicester City_vs_AFC Bournemouth,Leicester City,AFC Bournemouth,0.79,2.16,2.95,0.79,6,19,25,2,2,4,2,5,7,0,9,9,0.0,0.0,0.0,0.0,0.0,3.74,9.775,12.985,10.530000000000001,8.735,8.737499999999999,11.77
6,6_Manchester City_vs_Fulham,Manchester City,Fulham,1.57,2.6,4.17,1.57,20,11,31,7,4,11,1,5,6,8,3,11,0.0,0.0,0.0,0.0,0.0,5.74,13.584999999999997,15.450999999999999,18.310000000000002,10.551,11.4425,14.902000000000001
6,6_West Ham United_vs_Ipswich Town,West Ham United,Ipswich Town,3.79,0.65,4.44,0.65,23,9,32,13,2,15,9,2,11,5,5,10,0.0,0.0,0.0,0.0,0.0,5.090000000000001,14.82,17.432000000000002,14.74,11.382,12.910000000000002,15.464
7,7_AFC Bournemouth_vs_Arsenal,AFC Bournemouth,Arsenal,1.82,0.68,2.5,0.68,13,6,19,4,1,5,3,2,5,7,4,11,0.0,0.0,0.0,0.0,0.0,3.18,7.95,9.850000000000001,9.86,7.500000000000001,7.575000000000001,9.100000000000001
7,7_Fulham_vs_Aston Villa,Fulham,Aston Villa,1.78,1.68,3.46,1.68,10,14,24,4,5,9,4,2,6,6,11,17,0.0,0.0,0.0,0.0,0.0,5.14,10.73,12.438000000000002,16.82,10.138000000000002,10.465,11.676000000000002
7,7_Ipswich Town_vs_Everton,Ipswich Town,Everton,1.25,1.74,2.99,1.25,13,11,24,2,8,10,2,3,5,5,7,12,0.0,0.0,0.0,0.0,0.0,4.24,10.695,11.997000000000002,16.490000000000002,8.847000000000001,9.5975,11.394000000000002
7,7_Liverpool_vs_Chelsea,Liverpool,Chelsea,1.94,0.99,2.9299999999999997,0.99,9,12,21,5,2,7,3,3,6,1,5,6,0.0,0.0,0.0,0.0,0.0,3.92,9.165,11.078999999999999,13.91,7.179,7.782500000000001,10.158
7,7_Manchester United_vs_Brentford,Manchester United,Brentford,1.33,0.86,2.19,0.86,23,8,31,11,2,13,3,2,5,9,2,11,0.0,0.0,0.0,0.0,0.0,3.05,12.995,14.557,11.91,9.807,11.0975,13.714
7,7_Newcastle United_vs_Brighton & Hove Albion,Newcastle United,Brighton & Hove Albion,2.02,1.12,3.14,1.12,21,10,31,6,5,11,4,4,8,9,4,13,0.0,0.0,0.0,0.0,0.0,4.26,13.07,15.742,15.38,10.942,11.784999999999998,14.284
7,7_Nottingham Forest_vs_Crystal Palace,Nottingham Forest,Crystal Palace,1.76,0.97,2.73,0.97,20,20,40,6,7,13,3,0,3,6,6,12,0.0,0.0,0.0,0.0,0.0,3.7,15.965,17.718999999999998,24.67,11.668999999999999,12.882499999999997,17.637999999999998
7,7_Southampton_vs_Leicester City,Southampton,Leicester City,2.15,3.21,5.359999999999999,2.15,14,18,32,7,4,11,3,4,7,10,6,16,0.0,0.0,0.0,0.0,0.0,7.51,14.48,16.508,23.66,12.258000000000003,12.840000000000002,16.016000000000002
7,7_Tottenham Hotspur_vs_West Ham United,Tottenham Hotspur,West Ham United,1.92,0.78,2.7,0.78,22,11,33,7,4,11,2,2,4,13,5,18,0.0,0.0,0.0,0.0,0.0,3.4800000000000004,13.45,15.21,15.26,11.61,12.225,14.82
7,7_Wolverhampton Wanderers_vs_Manchester City,Wolverhampton Wanderers,Manchester City,0.97,1.62,2.59,0.97,3,22,25,2,7,9,2,0,2,1,18,19,0.0,0.0,0.0,0.0,0.0,3.5599999999999996,10.595,11.376999999999999,7.529999999999999,9.877,10.147499999999999,11.554
8,8_Arsenal_vs_Liverpool,Arsenal,Liverpool,0.92,0.81,1.73,0.81,9,9,18,3,4,7,2,2,4,1,3,4,0.0,0.0,0.0,0.0,0.0,2.54,7.665,8.919,12.35,5.518999999999999,6.282499999999999,8.238
8,8_Aston Villa_vs_AFC Bournemouth,Aston Villa,AFC Bournemouth,1.81,0.31,2.12,0.31,18,10,28,8,3,11,3,0,3,9,7,16,0.0,0.0,0.0,0.0,0.0,2.43,11.66,12.736,12.74,9.886,10.63,12.472000000000001
8,8_Brentford_vs_Ipswich Town,Brentford,Ipswich Town,4.1,1.3,5.3999999999999995,1.3,20,11,31,9,5,14,7,4,11,4,5,9,0.0,0.0,0.0,0.0,0.0,6.699999999999999,14.799999999999999,17.32,19.0,11.270000000000001,12.65,15.64
8,8_Brighton & Hove Albion_vs_Wolverhampton Wanderers,Brighton & Hove Albion,Wolverhampton Wanderers,1.31,1.36,2.67,1.31,19,14,33,6,7,13,2,1,3,9,6,15,0.0,0.0,0.0,0.0,0.0,3.98,13.834999999999999,14.901000000000002,19.29,10.850999999999999,11.917499999999999,14.802000000000001
8,8_Chelsea_vs_Newcastle United,Chelsea,Newcastle United,1.61,1.81,3.42,1.61,17,11,28,7,3,10,1,3,4,7,4,11,0.0,0.0,0.0,0.0,0.0,5.03,12.11,13.426,17.64,9.426,10.205,13.252
8,8_Crystal Palace_vs_Tottenham Hotspur,Crystal Palace,Tottenham Hotspur,0.78,0.74,1.52,0.74,14,11,25,6,3,9,1,2,3,8,8,16,0.0,0.0,0.0,0.0,0.0,2.26,10.06,11.356,14.0,9.105999999999998,9.58,10.911999999999999
8,8_Everton_vs_Fulham,Everton,Fulham,0.79,1.26,2.05,0.79,10,14,24,5,3,8,1,1,2,4,2,6,0.0,0.0,0.0,0.0,0.0,2.84,9.825,10.815000000000001,13.629999999999999,6.915000000000001,7.7125,10.830000000000002
8,8_Leicester City_vs_Nottingham Forest,Leicester City,Nottingham Forest,0.76,1.73,2.49,0.76,11,20,31,1,5,6,1,4,5,6,7,13,0.0,0.0,0.0,0.0,0.0,3.25,11.744999999999997,14.647,15.01,10.297,10.4225,13.894
8,8_Manchester City_vs_Southampton,Manchester City,Southampton,2.95,0.21,3.16,0.21,22,5,27,8,2,10,4,1,5,12,1,13,0.0,0.0,0.0,0.0,0.0,3.37,11.68,13.248000000000001,8.58,9.698,10.39,12.696000000000002
8,8_West Ham United_vs_Manchester United,West Ham United,Manchester United,3.0,2.34,5.34,2.34,12,18,30,3,5,8,4,5,9,6,5,11,0.0,0.0,0.0,0.0,0.0,7.68,13.27,16.302,22.02,11.152,11.535,15.204
9,9_AFC Bournemouth_vs_Manchester City,AFC Bournemouth,Manchester City,2.04,1.56,3.6,1.56,12,18,30,6,4,10,6,3,9,3,10,13,0.0,0.0,0.0,0.0,0.0,5.16,12.8,15.78,18.72,11.03,11.7,14.16
9,9_Fulham_vs_Brentford,Fulham,Brentford,1.35,0.59,1.94,0.59,26,5,31,12,2,14,1,1,2,11,3,14,0.0,0.0,0.0,0.0,0.0,2.53,13.07,13.582,8.120000000000001,9.882000000000001,11.185,13.564
9,9_Ipswich Town_vs_Leicester City,Ipswich Town,Leicester City,1.0,1.55,2.55,1.0,14,20,34,2,6,8,2,4,6,4,6,10,0.0,0.0,0.0,0.0,0.0,3.55,13.075,16.165000000000003,18.55,10.465000000000002,11.037500000000001,15.13
9,9_Liverpool_vs_Brighton & Hove Albion,Liverpool,Brighton & Hove Albion,1.65,1.01,2.66,1.01,16,13,29,8,5,13,4,1,5,9,7,16,0.0,0.0,0.0,0.0,0.0,3.67,12.629999999999999,13.898000000000001,17.68,10.548000000000002,11.565000000000001,13.196000000000002
9,9_Manchester United_vs_Chelsea,Manchester United,Chelsea,1.98,1.11,3.09,1.11,11,12,23,4,3,7,4,1,5,4,8,12,0.0,0.0,0.0,0.0,0.0,4.2,9.845,11.627,16.310000000000002,8.677,8.9725,11.054
9,9_Newcastle United_vs_Arsenal,Newcastle United,Arsenal,0.52,1.05,1.57,0.52,9,10,19,4,1,5,1,1,2,4,6,10,0.0,0.0,0.0,0.0,0.0,2.09,7.485,8.671000000000001,11.61,6.571,6.7425,8.542
9,9_Nottingham Forest_vs_West Ham United,Nottingham Forest,West Ham United,2.17,0.13,2.3,0.13,19,4,23,6,2,8,3,0,3,10,6,16,0.0,0.0,0.0,0.0,0.0,2.4299999999999997,9.649999999999999,10.790000000000001,6.56,8.940000000000001,9.225000000000001,10.580000000000002
9,9_Southampton_vs_Everton,Southampton,Everton,0.74,1.56,2.3,0.74,9,16,25,2,5,7,1,3,4,3,6,9,0.0,0.0,0.0,0.0,0.0,3.04,10.05,11.889999999999999,12.78,8.09,8.575,11.379999999999999
9,9_Tottenham Hotspur_vs_Aston Villa,Tottenham Hotspur,Aston Villa,2.44,1.86,4.3,1.86,16,12,28,6,1,7,3,4,7,6,4,10,0.0,0.0,0.0,0.0,0.0,6.16,11.950000000000001,14.59,20.02,9.940000000000001,10.275,13.780000000000001
9,9_Wolverhampton Wanderers_vs_Crystal Palace,Wolverhampton Wanderers,Crystal Palace,1.53,2.51,4.04,1.53,11,19,30,6,7,13,4,4,8,3,6,9,0.0,0.0,0.0,0.0,0.0,5.57,13.62,15.612,18.1,10.212,11.509999999999998,14.424
10,10_Brentford_vs_AFC Bournemouth,Brentford,AFC Bournemouth,1.48,2.61,4.09,1.48,12,15,27,6,3,9,2,3,5,6,4,10,0.0,0.0,0.0,0.0,0.0,5.57,11.945,13.527000000000001,19.05,9.377,10.0225,13.254000000000001
10,10_Brighton & Hove Albion_vs_Manchester City,Brighton & Hove Albion,Manchester City,2.29,2.22,4.51,2.22,10,15,25,4,6,10,8,5,13,0,4,4,0.0,0.0,0.0,0.0,0.0,6.73,11.754999999999999,15.253,18.95,9.103,10.177499999999998,12.706
10,10_Chelsea_vs_Arsenal,Chelsea,Arsenal,1.54,1.55,3.09,1.54,17,13,30,3,3,6,1,4,5,4,3,7,0.0,0.0,0.0,0.0,0.0,4.63,11.745000000000001,14.427,19.17,9.077,9.4725,13.854
10,10_Crystal Palace_vs_Fulham,Crystal Palace,Fulham,1.52,1.83,3.35,1.52,13,17,30,5,7,12,4,3,7,1,8,9,0.0,0.0,0.0,0.0,0.0,4.87,13.075000000000001,15.105,19.39,9.855,11.0375,14.01
10,10_Liverpool_vs_Aston Villa,Liverpool,Aston Villa,2.02,1.38,3.4,1.38,14,12,26,5,2,7,4,5,9,2,9,11,0.0,0.0,0.0,0.0,0.0,4.779999999999999,10.9,14.12,18.16,9.770000000000001,10.1,12.440000000000001
10,10_Manchester United_vs_Leicester City,Manchester United,Leicester City,0.76,0.63,1.3900000000000001,0.63,13,6,19,3,5,8,1,1,2,1,5,6,0.0,0.0,0.0,0.0,0.0,2.02,7.995000000000001,8.617,8.65,5.7170000000000005,6.547499999999999,8.434000000000001
10,10_Nottingham Forest_vs_Newcastle United,Nottingham Forest,Newcastle United,0.63,1.7,2.33,0.63,9,17,26,3,6,9,2,2,4,4,5,9,0.0,0.0,0.0,0.0,0.0,2.96,10.765,12.299,12.59,8.299,9.0825,11.798
10,10_Tottenham Hotspur_vs_Ipswich Town,Tottenham Hotspur,Ipswich Town,1.55,1.62,3.17,1.55,17,8,25,5,3,8,2,4,6,12,2,14,0.0,0.0,0.0,0.0,0.0,4.72,10.685,12.751000000000001,14.27,9.651,9.9925,11.902
10,10_West Ham United_vs_Everton,West Ham United,Everton,0.83,1.11,1.94,0.83,11,18,29,6,4,10,2,0,2,7,6,13,0.0,0.0,0.0,0.0,0.0,2.77,11.67,12.782000000000002,14.6,9.282000000000002,10.035,12.764000000000001
10,10_Wolverhampton Wanderers_vs_Southampton,Wolverhampton Wanderers,Southampton,1.26,0.66,1.92,0.66,8,9,17,4,0,4,1,1,2,1,9,10,0.0,0.0,0.0,0.0,0.0,2.58,6.859999999999999,7.976,11.24,6.276000000000001,6.28,7.952000000000001
11,11_AFC Bournemouth_vs_Brighton & Hove Albion,AFC Bournemouth,Brighton & Hove Albion,1.63,0.94,2.57,0.94,19,6,25,5,4,9,4,2,6,7,0,7,0.0,0.0,0.0,0.0,0.0,3.51,10.585,12.571000000000002,10.45,8.071,8.9425,11.542
11,11_Arsenal_vs_Nottingham Forest,Arsenal,Nottingham Forest,1.19,0.33,1.52,0.33,19,7,26,7,0,7,1,0,1,8,1,9,0.0,0.0,0.0,0.0,0.0,1.85,9.96,11.156,9.18,7.606000000000001,8.13,11.312000000000001
11,11_Aston Villa_vs_Crystal Palace,Aston Villa,Crystal Palace,3.11,1.26,4.37,1.26,17,13,30,5,6,11,4,4,8,10,1,11,0.0,0.0,0.0,0.0,0.0,5.63,13.385000000000002,15.711,19.89,10.710999999999999,11.5925,14.622
11,11_Everton_vs_Brentford,Everton,Brentford,1.2,1.1,2.3,1.1,27,9,36,5,2,7,1,2,3,10,4,14,0.0,0.0,0.0,0.0,0.0,3.4,13.35,15.99,13.5,11.14,11.375,15.780000000000001
11,11_Fulham_vs_Wolverhampton Wanderers,Fulham,Wolverhampton Wanderers,1.03,1.32,2.35,1.03,10,10,20,3,5,8,1,2,3,7,2,9,0.0,0.0,0.0,0.0,0.0,3.38,8.775,9.605,14.41,6.955,7.5875,9.41
11,11_Ipswich Town_vs_Manchester United,Ipswich Town,Manchester United,1.59,0.8,2.39,0.8,11,11,22,6,4,10,3,2,5,4,3,7,0.0,0.0,0.0,0.0,0.0,3.1900000000000004,9.795,11.017000000000001,14.99,7.267,8.297500000000001,10.234
11,11_Leicester City_vs_Chelsea,Leicester City,Chelsea,1.11,2.75,3.8600000000000003,1.11,4,16,20,1,7,8,1,4,5,2,9,11,0.0,0.0,0.0,0.0,0.0,4.970000000000001,9.53,10.658,10.08,8.108,8.565,10.316
11,11_Manchester City_vs_Tottenham Hotspur,Manchester City,Tottenham Hotspur,2.14,2.51,4.65,2.14,23,9,32,5,7,12,4,6,10,9,3,12,0.0,0.0,0.0,0.0,0.0,6.790000000000001,14.325000000000001,17.195,17.93,11.695,12.662500000000001,15.59
11,11_Newcastle United_vs_West Ham United,Newcastle United,West Ham United,1.64,0.81,2.45,0.81,18,15,33,2,6,8,2,0,2,8,3,11,0.0,0.0,0.0,0.0,0.0,3.2600000000000002,12.725,14.535,19.07,9.835,10.3625,14.670000000000002
11,11_Southampton_vs_Liverpool,Southampton,Liverpool,1.28,3.15,4.43,1.28,7,27,34,5,11,16,3,7,10,3,10,13,0.0,0.0,0.0,0.0,0.0,5.71,15.614999999999998,17.929000000000002,13.99,12.229000000000001,13.7575,16.258000000000003
12,12_Brentford_vs_Leicester City,Brentford,Leicester City,2.4,1.06,3.46,1.06,13,7,20,6,3,9,4,1,5,5,4,9,0.0,0.0,0.0,0.0,0.0,4.52,9.530000000000001,10.538,12.58,7.588,8.315,10.076
12,12_Brighton & Hove Albion_vs_Southampton,Brighton & Hove Albion,Southampton,1.68,1.01,2.69,1.01,22,10,32,5,2,7,3,1,4,7,6,13,0.0,0.0,0.0,0.0,0.0,3.7,12.345,14.807,14.71,10.407,10.6725,14.414000000000001
12,12_Chelsea_vs_Aston Villa,Chelsea,Aston Villa,1.69,1.23,2.92,1.23,17,10,27,8,4,12,2,2,4,3,4,7,0.0,0.0,0.0,0.0,0.0,4.15,11.959999999999999,12.876,15.379999999999999,8.276000000000002,9.580000000000002,12.552000000000001
12,12_Crystal Palace_vs_Newcastle United,Crystal Palace,Newcastle United,1.76,0.04,1.8,0.04,16,1,17,4,0,4,5,0,5,8,9,17,0.0,0.0,0.0,0.0,0.0,1.84,6.8,8.84,2.88,8.09,7.75,7.880000000000001
12,12_Liverpool_vs_Manchester City,Liverpool,Manchester City,3.57,0.84,4.41,0.84,18,8,26,7,2,9,5,1,6,7,4,11,0.0,0.0,0.0,0.0,0.0,5.25,11.805,13.523,14.09,9.623,10.2025,13.046
12,12_Manchester United_vs_Everton,Manchester United,Everton,1.07,0.58,1.65,0.58,11,8,19,5,2,7,3,1,4,2,2,4,0.0,0.0,0.0,0.0,0.0,2.23,7.925000000000001,9.295,10.809999999999999,5.694999999999999,6.4624999999999995,8.59
12,12_Nottingham Forest_vs_Ipswich Town,Nottingham Forest,Ipswich Town,1.68,0.59,2.27,0.59,12,7,19,5,3,8,2,0,2,8,7,15,0.0,0.0,0.0,0.0,0.0,2.86,8.435,8.881,10.45,7.781,8.1175,8.962
12,12_Tottenham Hotspur_vs_Fulham,Tottenham Hotspur,Fulham,0.78,1.58,2.3600000000000003,0.78,8,14,22,3,6,9,2,3,5,7,11,18,0.0,0.0,0.0,0.0,0.0,3.1400000000000006,9.58,11.008000000000001,11.92,9.458,9.79,10.216000000000001
12,12_West Ham United_vs_Arsenal,West Ham United,Arsenal,1.54,3.6,5.140000000000001,1.54,12,16,28,5,7,12,2,5,7,2,10,12,0.0,0.0,0.0,0.0,0.0,6.680000000000001,13.370000000000001,14.842,20.22,10.592000000000002,11.535,14.284
12,12_Wolverhampton Wanderers_vs_AFC Bournemouth,Wolverhampton Wanderers,AFC Bournemouth,0.46,3.29,3.75,0.46,10,12,22,3,8,11,2,4,6,3,4,7,0.0,0.0,0.0,0.0,0.0,4.21,10.675,11.725000000000001,14.67,7.825000000000001,8.937500000000002,11.05
13,13_AFC Bournemouth_vs_Tottenham Hotspur,AFC Bournemouth,Tottenham Hotspur,3.71,0.87,4.58,0.87,21,12,33,8,4,12,7,1,8,5,9,14,0.0,0.0,0.0,0.0,0.0,5.45,14.590000000000002,16.974,18.32,11.974,12.845,15.948
13,13_Arsenal_vs_Manchester United,Arsenal,Manchester United,2.16,0.22,2.3800000000000003,0.22,14,5,19,6,2,8,5,0,5,13,0,13,0.0,0.0,0.0,0.0,0.0,2.6000000000000005,8.49,9.814000000000002,7.82,7.864000000000001,8.295,9.028
13,13_Aston Villa_vs_Brentford,Aston Villa,Brentford,2.43,1.0,3.43,1.0,20,9,29,10,1,11,4,1,5,10,5,15,0.0,0.0,0.0,0.0,0.0,4.43,12.614999999999998,14.129000000000001,14.43,10.579,11.307500000000001,13.658000000000001
13,13_Everton_vs_Wolverhampton Wanderers,Everton,Wolverhampton Wanderers,1.02,0.78,1.8,0.78,13,6,19,4,2,6,2,2,4,3,4,7,0.0,0.0,0.0,0.0,0.0,2.58,7.800000000000001,9.34,9.36,6.34,6.8,8.68
13,13_Fulham_vs_Brighton & Hove Albion,Fulham,Brighton & Hove Albion,0.65,1.47,2.12,0.65,6,13,19,2,3,5,1,3,4,5,6,11,0.0,0.0,0.0,0.0,0.0,2.77,7.76,9.436,9.42,7.236,7.33,8.872
13,13_Ipswich Town_vs_Crystal Palace,Ipswich Town,Crystal Palace,0.49,1.64,2.13,0.49,9,13,22,2,3,5,1,3,4,4,7,11,0.0,0.0,0.0,0.0,0.0,2.62,8.665,10.639,12.11,7.839,7.932499999999999,10.078000000000001
13,13_Leicester City_vs_West Ham United,Leicester City,West Ham United,1.67,3.1,4.77,1.67,8,31,39,6,10,16,7,5,12,3,9,12,0.0,0.0,0.0,0.0,0.0,6.4399999999999995,17.285,20.631000000000004,16.11,13.431000000000001,14.9925,18.462
13,13_Manchester City_vs_Nottingham Forest,Manchester City,Nottingham Forest,2.41,1.04,3.45,1.04,17,12,29,7,3,10,4,1,5,8,2,10,0.0,0.0,0.0,0.0,0.0,4.49,12.424999999999999,14.135000000000002,17.53,9.585,10.412500000000001,13.670000000000002
13,13_Newcastle United_vs_Liverpool,Newcastle United,Liverpool,2.09,1.99,4.08,1.99,17,16,33,6,5,11,4,4,8,5,6,11,0.0,0.0,0.0,0.0,0.0,6.07,14.14,16.824,24.060000000000002,11.224,12.120000000000001,15.648000000000001
13,13_Southampton_vs_Chelsea,Southampton,Chelsea,1.56,5.43,6.99,1.56,6,26,32,4,13,17,4,12,16,5,7,12,0.0,0.0,0.0,0.0,0.0,8.55,16.494999999999997,19.697000000000003,16.11,13.297,14.8975,16.994
14,14_Aston Villa_vs_Southampton,Aston Villa,Southampton,2.29,0.33,2.62,0.33,18,4,22,5,0,5,5,0,5,14,1,15,0.0,0.0,0.0,0.0,0.0,2.95,8.91,11.086,7.28,8.936,8.805,10.372
14,14_Brentford_vs_Newcastle United,Brentford,Newcastle United,1.23,1.48,2.71,1.23,11,16,27,8,3,11,3,3,6,3,4,7,0.0,0.0,0.0,0.0,0.0,3.94,11.655000000000001,13.413000000000002,16.17,8.513,9.677500000000002,12.426
14,14_Crystal Palace_vs_Manchester City,Crystal Palace,Manchester City,1.34,1.45,2.79,1.34,12,12,24,3,4,7,1,3,4,6,8,14,0.0,0.0,0.0,0.0,0.0,4.13,9.995,11.637,17.47,9.037,9.2475,11.274000000000001
14,14_Everton_vs_Liverpool,Everton,Liverpool,0.95,0.62,1.5699999999999998,0.62,10,6,16,3,4,7,1,2,3,2,3,5,0.0,0.0,0.0,0.0,0.0,2.19,6.985,7.771000000000001,8.809999999999999,5.121,5.8425,7.3420000000000005
14,14_Fulham_vs_Arsenal,Fulham,Arsenal,0.16,2.03,2.19,0.16,2,12,14,2,4,6,0,4,4,0,6,6,0.0,0.0,0.0,0.0,0.0,2.35,6.495,7.457000000000001,4.51,5.257,5.7475000000000005,6.914000000000001
14,14_Ipswich Town_vs_AFC Bournemouth,Ipswich Town,AFC Bournemouth,1.32,3.28,4.6,1.32,18,22,40,5,6,11,1,5,6,6,13,19,0.0,0.0,0.0,0.0,0.0,5.92,16.5,19.18,25.240000000000002,14.08,14.55,18.759999999999998
14,14_Leicester City_vs_Brighton & Hove Albion,Leicester City,Brighton & Hove Albion,1.31,1.54,2.85,1.31,10,16,26,3,7,10,3,0,3,4,5,9,0.0,0.0,0.0,0.0,0.0,4.16,11.225,12.155000000000001,15.47,8.305,9.2125,12.11
14,14_Manchester United_vs_Nottingham Forest,Manchester United,Nottingham Forest,1.6,0.83,2.43,0.83,17,11,28,7,3,10,2,0,2,5,3,8,0.0,0.0,0.0,0.0,0.0,3.2600000000000002,11.615,12.529,15.09,8.229000000000001,9.2075,12.658000000000001
14,14_Tottenham Hotspur_vs_Chelsea,Tottenham Hotspur,Chelsea,2.9,2.83,5.73,2.83,13,17,30,5,8,13,6,3,9,5,10,15,0.0,0.0,0.0,0.0,0.0,8.56,14.465,16.419,24.39,12.069,12.9825,15.438
14,14_West Ham United_vs_Wolverhampton Wanderers,West Ham United,Wolverhampton Wanderers,0.97,1.47,2.44,0.97,19,19,38,4,5,9,1,2,3,11,0,11,0.0,0.0,0.0,0.0,0.0,3.41,14.420000000000002,16.832,23.38,10.982,11.66,16.664
15,15_AFC Bournemouth_vs_West Ham United,AFC Bournemouth,West Ham United,2.01,2.06,4.07,2.01,29,16,45,9,3,12,2,1,3,12,6,18,0.0,0.0,0.0,0.0,0.0,6.08,17.935000000000002,20.121,24.09,14.270999999999999,14.967499999999998,20.442
15,15_Arsenal_vs_Everton,Arsenal,Everton,1.22,0.09,1.31,0.09,13,2,15,5,0,5,1,0,1,8,2,10,0.0,0.0,0.0,0.0,0.0,1.4000000000000001,6.155,6.693,3.49,5.543,5.727500000000001,6.786
15,15_Brighton & Hove Albion_vs_Crystal Palace,Brighton & Hove Albion,Crystal Palace,1.0,2.31,3.31,1.0,17,13,30,5,5,10,1,5,6,8,5,13,0.0,0.0,0.0,0.0,0.0,4.3100000000000005,12.655,14.793000000000001,18.310000000000002,10.493,11.1775,13.986
15,15_Chelsea_vs_Brentford,Chelsea,Brentford,2.23,1.61,3.84,1.61,26,9,35,8,4,12,4,4,8,8,5,13,0.0,0.0,0.0,0.0,0.0,5.45,14.82,17.552,16.060000000000002,11.951999999999998,12.909999999999998,16.304
15,15_Liverpool_vs_Fulham,Liverpool,Fulham,2.13,1.22,3.3499999999999996,1.22,16,12,28,4,3,7,3,1,4,5,4,9,0.0,0.0,0.0,0.0,0.0,4.569999999999999,11.475,13.405000000000001,17.79,9.005,9.4375,13.21
15,15_Manchester City_vs_Manchester United,Manchester City,Manchester United,0.95,2.08,3.0300000000000002,0.95,10,10,20,3,3,6,0,3,3,8,2,10,0.0,0.0,0.0,0.0,0.0,3.9800000000000004,8.715,9.809000000000001,14.93,7.359,7.607500000000001,9.818
15,15_Newcastle United_vs_Leicester City,Newcastle United,Leicester City,3.79,0.19,3.98,0.19,27,4,31,11,1,12,5,0,5,5,2,7,0.0,0.0,0.0,0.0,0.0,4.17,13.69,15.094000000000001,8.36,9.544,10.795000000000002,14.788
15,15_Nottingham Forest_vs_Aston Villa,Nottingham Forest,Aston Villa,1.78,0.42,2.2,0.42,17,8,25,6,2,8,3,0,3,4,3,7,0.0,0.0,0.0,0.0,0.0,2.62,10.2,11.56,11.04,7.510000000000001,8.25,11.32
15,15_Southampton_vs_Tottenham Hotspur,Southampton,Tottenham Hotspur,0.84,2.44,3.28,0.84,9,18,27,3,9,12,3,6,9,2,5,7,0.0,0.0,0.0,0.0,0.0,4.12,12.14,14.484,13.96,9.134,10.42,12.768
15,15_Wolverhampton Wanderers_vs_Ipswich Town,Wolverhampton Wanderers,Ipswich Town,1.27,1.2,2.4699999999999998,1.2,16,10,26,6,5,11,1,2,3,7,3,10,0.0,0.0,0.0,0.0,0.0,3.67,11.235,12.041,14.87,8.391,9.4175,11.882
16,16_Aston Villa_vs_Manchester City,Aston Villa,Manchester City,1.67,1.03,2.7,1.03,11,12,23,6,6,12,4,2,6,5,4,9,0.0,0.0,0.0,0.0,0.0,3.7300000000000004,10.65,11.81,15.76,8.11,9.325,10.82
16,16_Brentford_vs_Nottingham Forest,Brentford,Nottingham Forest,0.72,0.9,1.62,0.72,7,10,17,3,6,9,1,2,3,9,5,14,0.0,0.0,0.0,0.0,0.0,2.34,7.71,8.186000000000002,10.06,7.136,7.705,7.772
16,16_Crystal Palace_vs_Arsenal,Crystal Palace,Arsenal,1.59,2.87,4.46,1.59,15,14,29,6,6,12,3,5,8,3,3,6,0.0,0.0,0.0,0.0,0.0,6.05,13.33,15.338000000000001,21.64,9.538,10.815,14.276000000000002
16,16_Everton_vs_Chelsea,Everton,Chelsea,1.03,1.17,2.2,1.03,5,12,17,4,5,9,2,3,5,2,5,7,0.0,0.0,0.0,0.0,0.0,3.2300000000000004,7.999999999999999,8.96,9.26,6.210000000000001,7.1,8.120000000000001
16,16_Fulham_vs_Southampton,Fulham,Southampton,0.88,0.26,1.1400000000000001,0.26,15,5,20,5,1,6,2,0,2,6,5,11,0.0,0.0,0.0,0.0,0.0,1.4000000000000001,7.7700000000000005,8.942,6.66,6.842,7.135,8.684
16,16_Ipswich Town_vs_Newcastle United,Ipswich Town,Newcastle United,0.71,2.33,3.04,0.71,10,15,25,2,7,9,1,6,7,2,1,3,0.0,0.0,0.0,0.0,0.0,3.75,10.82,13.012,14.46,7.562,8.61,11.824
16,16_Leicester City_vs_Wolverhampton Wanderers,Leicester City,Wolverhampton Wanderers,0.8,1.11,1.9100000000000001,0.8,9,8,17,5,4,9,1,2,3,6,1,7,0.0,0.0,0.0,0.0,0.0,2.71,7.8549999999999995,8.273000000000001,11.51,5.823,6.7275,7.946000000000001
16,16_Manchester United_vs_AFC Bournemouth,Manchester United,AFC Bournemouth,2.28,1.63,3.9099999999999997,1.63,23,10,33,7,5,12,4,2,6,13,1,14,0.0,0.0,0.0,0.0,0.0,5.539999999999999,14.255,16.173,17.17,11.473,12.377500000000001,15.546000000000001
16,16_Tottenham Hotspur_vs_Liverpool,Tottenham Hotspur,Liverpool,1.27,5.63,6.9,1.27,9,24,33,5,12,17,2,11,13,7,5,12,0.0,0.0,0.0,0.0,0.0,8.17,16.75,19.17,18.44,13.02,14.625,17.34
16,16_West Ham United_vs_Brighton & Hove Albion,West Ham United,Brighton & Hove Albion,1.31,0.94,2.25,0.94,11,12,23,4,6,10,2,4,6,8,4,12,0.0,0.0,0.0,0.0,0.0,3.19,10.024999999999999,11.675,15.129999999999999,8.575000000000001,9.3625,10.55
17,17_AFC Bournemouth_vs_Crystal Palace,AFC Bournemouth,Crystal Palace,1.47,0.45,1.92,0.45,18,10,28,4,4,8,0,0,0,5,2,7,0.0,0.0,0.0,0.0,0.0,2.37,10.959999999999999,11.776000000000002,12.82,7.5760000000000005,8.33,12.352
17,17_Arsenal_vs_Ipswich Town,Arsenal,Ipswich Town,1.86,0.15,2.0100000000000002,0.15,13,3,16,5,0,5,3,0,3,5,1,6,0.0,0.0,0.0,0.0,0.0,2.16,6.805,7.9030000000000005,5.3100000000000005,5.453,5.8025,7.606000000000001
17,17_Brighton & Hove Albion_vs_Brentford,Brighton & Hove Albion,Brentford,1.31,1.07,2.38,1.07,24,8,32,7,3,10,1,1,2,5,3,8,0.0,0.0,0.0,0.0,0.0,3.45,12.79,14.114,12.52,9.014000000000001,9.995000000000001,14.228000000000002
17,17_Chelsea_vs_Fulham,Chelsea,Fulham,1.12,1.78,2.9000000000000004,1.12,12,14,26,8,7,15,3,3,6,3,1,4,0.0,0.0,0.0,0.0,0.0,4.0200000000000005,12.25,13.07,17.14,7.77,9.675,12.14
17,17_Liverpool_vs_Leicester City,Liverpool,Leicester City,1.91,0.34,2.25,0.34,19,4,23,7,1,8,1,0,1,14,1,15,0.0,0.0,0.0,0.0,0.0,2.59,9.624999999999998,10.175000000000002,6.93,8.425,8.762500000000001,10.55
17,17_Manchester City_vs_Everton,Manchester City,Everton,2.09,0.63,2.7199999999999998,0.63,24,8,32,5,3,8,4,1,5,8,5,13,0.0,0.0,0.0,0.0,0.0,3.3499999999999996,12.559999999999999,15.116000000000001,11.98,10.566,10.979999999999999,14.432
17,17_Newcastle United_vs_Aston Villa,Newcastle United,Aston Villa,2.76,0.34,3.0999999999999996,0.34,22,4,26,8,1,9,3,0,3,9,6,15,0.0,0.0,0.0,0.0,0.0,3.4399999999999995,11.15,12.23,7.779999999999999,9.579999999999998,10.024999999999999,12.26
17,17_Nottingham Forest_vs_Tottenham Hotspur,Nottingham Forest,Tottenham Hotspur,1.12,0.9,2.02,0.9,10,13,23,3,4,7,2,1,3,2,7,9,0.0,0.0,0.0,0.0,0.0,2.92,9.309999999999999,10.706000000000001,13.82,7.456,7.955,10.412
17,17_Southampton_vs_West Ham United,Southampton,West Ham United,1.4,1.81,3.21,1.4,18,16,34,5,2,7,4,2,6,2,2,4,0.0,0.0,0.0,0.0,0.0,4.609999999999999,13.205,16.363000000000003,22.009999999999998,9.463000000000001,10.152500000000002,15.526000000000002
17,17_Wolverhampton Wanderers_vs_Manchester United,Wolverhampton Wanderers,Manchester United,0.86,0.44,1.3,0.44,7,11,18,4,4,8,1,0,1,4,4,8,0.0,0.0,0.0,0.0,0.0,1.74,7.65,7.89,9.18,5.74,6.4750000000000005,7.98
18,18_Aston Villa_vs_Brighton & Hove Albion,Aston Villa,Brighton & Hove Albion,1.78,1.13,2.91,1.13,20,13,33,4,4,8,3,2,5,12,3,15,0.0,0.0,0.0,0.0,0.0,4.04,12.955,15.573,18.17,11.223,11.5275,14.946000000000002
18,18_Brentford_vs_Arsenal,Brentford,Arsenal,0.32,1.91,2.23,0.32,5,14,19,2,5,7,0,2,2,4,3,7,0.0,0.0,0.0,0.0,0.0,2.55,8.215,8.869000000000002,7.87,6.1690000000000005,6.757499999999999,8.938
18,18_Crystal Palace_vs_Southampton,Crystal Palace,Southampton,2.03,0.94,2.9699999999999998,0.94,19,7,26,10,3,13,4,1,5,8,7,15,0.0,0.0,0.0,0.0,0.0,3.9099999999999997,11.885,12.791,11.85,9.841000000000001,10.8925,12.182
18,18_Everton_vs_Nottingham Forest,Everton,Nottingham Forest,0.89,1.48,2.37,0.89,13,11,24,2,7,9,0,5,5,5,4,9,0.0,0.0,0.0,0.0,0.0,3.2600000000000002,10.185,11.811000000000002,15.15,8.061,8.842500000000001,11.022000000000002
18,18_Fulham_vs_AFC Bournemouth,Fulham,AFC Bournemouth,1.11,1.98,3.09,1.11,11,16,27,6,9,15,1,3,4,1,7,8,0.0,0.0,0.0,0.0,0.0,4.2,12.645,12.927,16.310000000000002,8.527,10.222499999999998,12.654
18,18_Ipswich Town_vs_Chelsea,Ipswich Town,Chelsea,1.58,2.0,3.58,1.58,9,20,29,6,5,11,2,4,6,4,7,11,0.0,0.0,0.0,0.0,0.0,5.16,12.689999999999998,14.474000000000002,15.74,9.974000000000002,10.895000000000001,13.748000000000001
18,18_Leicester City_vs_Manchester City,Leicester City,Manchester City,1.3,1.27,2.5700000000000003,1.27,11,14,25,4,5,9,3,2,5,4,4,8,0.0,0.0,0.0,0.0,0.0,3.8400000000000003,10.585,12.271,16.11,8.121,8.942499999999999,11.542
18,18_Manchester United_vs_Newcastle United,Manchester United,Newcastle United,0.9,1.92,2.82,0.9,10,12,22,1,4,5,2,4,6,2,3,5,0.0,0.0,0.0,0.0,0.0,3.7199999999999998,9.01,11.446000000000002,14.620000000000001,7.146000000000001,7.505000000000001,10.492
18,18_Tottenham Hotspur_vs_Wolverhampton Wanderers,Tottenham Hotspur,Wolverhampton Wanderers,2.25,0.72,2.9699999999999998,0.72,13,11,24,3,3,6,5,1,6,5,5,10,0.0,0.0,0.0,0.0,0.0,3.6899999999999995,9.884999999999998,12.291000000000002,15.41,8.591000000000001,8.842500000000001,11.382000000000001
18,18_West Ham United_vs_Liverpool,West Ham United,Liverpool,0.36,3.15,3.51,0.36,7,22,29,0,13,13,1,9,10,2,6,8,0.0,0.0,0.0,0.0,0.0,3.8699999999999997,13.054999999999998,15.653000000000002,11.23,9.953000000000001,11.327499999999999,13.706000000000001
19,19_AFC Bournemouth_vs_Everton,AFC Bournemouth,Everton,1.84,0.71,2.55,0.71,19,9,28,8,0,8,5,1,6,9,3,12,0.0,0.0,0.0,0.0,0.0,3.26,11.275,13.765,12.969999999999999,9.665000000000001,10.1375,12.73
19,19_Aston Villa_vs_Leicester City,Aston Villa,Leicester City,1.56,0.41,1.97,0.41,13,4,17,5,2,7,3,3,6,6,2,8,0.0,0.0,0.0,0.0,0.0,2.38,7.485,9.191,6.79,6.491000000000001,7.042500000000001,7.982000000000001
19,19_Brighton & Hove Albion_vs_Arsenal,Brighton & Hove Albion,Arsenal,1.52,0.88,2.4,0.88,11,9,20,4,3,7,3,5,8,2,5,7,0.0,0.0,0.0,0.0,0.0,3.28,8.6,11.120000000000001,13.16,7.32,7.8999999999999995,9.44
19,19_Crystal Palace_vs_Chelsea,Crystal Palace,Chelsea,1.08,1.24,2.3200000000000003,1.08,13,15,28,6,1,7,2,2,4,6,6,12,0.0,0.0,0.0,0.0,0.0,3.4000000000000004,10.96,13.096,17.48,9.296000000000001,9.629999999999999,12.592
19,19_Fulham_vs_Ipswich Town,Fulham,Ipswich Town,2.24,1.59,3.83,1.59,15,7,22,4,3,7,4,3,7,9,2,11,0.0,0.0,0.0,0.0,0.0,5.42,9.915000000000001,12.049,14.01,8.799000000000001,9.1075,11.098
19,19_Liverpool_vs_Manchester United,Liverpool,Manchester United,2.82,1.05,3.87,1.05,19,13,32,6,4,10,4,3,7,6,9,15,0.0,0.0,0.0,0.0,0.0,4.92,13.535,16.061,18.97,11.611,12.1675,15.122
19,19_Manchester City_vs_West Ham United,Manchester City,West Ham United,1.91,1.37,3.2800000000000002,1.37,10,17,27,7,4,11,3,3,6,7,1,8,0.0,0.0,0.0,0.0,0.0,4.65,11.940000000000001,13.584000000000001,16.02,8.884,9.97,12.768
19,19_Southampton_vs_Brentford,Southampton,Brentford,0.29,4.46,4.75,0.29,8,20,28,1,11,12,0,11,11,2,2,4,0.0,0.0,0.0,0.0,0.0,5.04,13.175,15.925,13.33,9.475,10.8375,14.05
19,19_Tottenham Hotspur_vs_Newcastle United,Tottenham Hotspur,Newcastle United,0.94,2.53,3.4699999999999998,0.94,13,14,27,4,4,8,1,4,5,9,10,19,0.0,0.0,0.0,0.0,0.0,4.41,11.434999999999999,13.341000000000001,18.35,10.991000000000001,11.0675,12.882000000000001
19,19_Wolverhampton Wanderers_vs_Nottingham Forest,Wolverhampton Wanderers,Nottingham Forest,1.59,2.13,3.7199999999999998,1.59,13,11,24,6,3,9,2,4,6,5,3,8,0.0,0.0,0.0,0.0,0.0,5.31,10.86,12.516000000000002,17.9,8.416,9.18,11.832
20,20_Arsenal_vs_Tottenham Hotspur,Arsenal,Tottenham Hotspur,1.45,0.78,2.23,0.78,14,10,24,4,2,6,4,1,5,10,4,14,0.0,0.0,0.0,0.0,0.0,3.01,9.515,11.769000000000002,13.79,9.019,9.1075,10.938
20,20_Brentford_vs_Manchester City,Brentford,Manchester City,2.58,2.2,4.78,2.2,18,21,39,6,8,14,4,5,9,4,5,9,0.0,0.0,0.0,0.0,0.0,6.98,16.89,19.734,27.18,12.384,13.795,18.468
20,20_Everton_vs_Aston Villa,Everton,Aston Villa,1.14,1.21,2.3499999999999996,1.14,10,11,21,3,3,6,3,4,7,8,5,13,0.0,0.0,0.0,0.0,0.0,3.4899999999999993,8.675,11.205,14.629999999999999,8.555000000000001,8.6875,9.81
20,20_Ipswich Town_vs_Brighton & Hove Albion,Ipswich Town,Brighton & Hove Albion,0.28,0.97,1.25,0.28,5,11,16,3,5,8,0,0,0,1,9,10,0.0,0.0,0.0,0.0,0.0,1.53,7.025,6.775,6.8100000000000005,5.575,6.2125,7.15
20,20_Leicester City_vs_Crystal Palace,Leicester City,Crystal Palace,1.7,1.82,3.52,1.7,21,9,30,4,4,8,3,4,7,4,3,7,0.0,0.0,0.0,0.0,0.0,5.22,12.36,15.155999999999999,15.92,9.506,10.180000000000001,14.112
20,20_Nottingham Forest_vs_Liverpool,Nottingham Forest,Liverpool,0.31,1.99,2.3,0.31,6,23,29,3,7,10,1,4,5,0,9,9,0.0,0.0,0.0,0.0,0.0,2.61,11.85,13.790000000000001,8.92,9.040000000000001,9.975,12.98
20,20_West Ham United_vs_Fulham,West Ham United,Fulham,0.95,1.9,2.8499999999999996,0.95,4,21,25,3,5,8,2,3,5,0,3,3,0.0,0.0,0.0,0.0,0.0,3.8,10.525,12.355,8.75,7.205,8.1125,11.709999999999999
20,20_Chelsea_vs_AFC Bournemouth,Chelsea,AFC Bournemouth,2.5,1.18,3.6799999999999997,1.18,26,7,33,10,3,13,5,1,6,9,3,12,0.0,0.0,0.0,0.0,0.0,4.859999999999999,14.34,16.104,13.04,11.004000000000001,12.170000000000002,15.408000000000001
20,20_Newcastle United_vs_Wolverhampton Wanderers,Newcastle United,Wolverhampton Wanderers,2.11,1.62,3.73,1.62,17,13,30,5,7,12,3,5,8,4,2,6,0.0,0.0,0.0,0.0,0.0,5.35,13.265,15.519,19.97,9.518999999999998,10.8325,14.238
20,20_Manchester United_vs_Southampton,Manchester United,Southampton,3.42,1.54,4.96,1.54,23,13,36,9,5,14,6,1,7,4,4,8,0.0,0.0,0.0,0.0,0.0,6.5,16.08,17.988,21.04,11.338000000000001,12.79,17.376
21,21_Arsenal_vs_Aston Villa,Arsenal,Aston Villa,1.33,1.04,2.37,1.04,18,8,26,6,4,10,2,2,4,10,1,11,0.0,0.0,0.0,0.0,0.0,3.41,10.985,12.311,12.45,8.711,9.5425,11.822000000000001
21,21_Brentford_vs_Liverpool,Brentford,Liverpool,0.72,3.43,4.15,0.72,11,37,48,6,8,14,2,4,6,2,15,17,0.0,0.0,0.0,0.0,0.0,4.87,19.275,22.245000000000005,16.59,15.145000000000003,16.1875,21.690000000000005
21,21_Chelsea_vs_Wolverhampton Wanderers,Chelsea,Wolverhampton Wanderers,3.2,0.81,4.01,0.81,19,9,28,7,4,11,4,1,5,3,6,9,0.0,0.0,0.0,0.0,0.0,4.82,12.605,13.903,14.629999999999999,9.353000000000002,10.352500000000001,13.606000000000002
21,21_Everton_vs_Tottenham Hotspur,Everton,Tottenham Hotspur,1.95,1.12,3.0700000000000003,1.12,12,11,23,6,6,12,5,2,7,3,8,11,0.0,0.0,0.0,0.0,0.0,4.19,10.834999999999999,12.221,16.310000000000002,8.771,9.867500000000001,11.042000000000002
21,21_Ipswich Town_vs_Manchester City,Ipswich Town,Manchester City,0.58,3.03,3.61,0.58,8,17,25,4,9,13,1,6,7,4,7,11,0.0,0.0,0.0,0.0,0.0,4.1899999999999995,11.905,13.183,12.77,9.333000000000002,10.5525,12.166
21,21_Leicester City_vs_Fulham,Leicester City,Fulham,0.47,2.19,2.66,0.47,8,17,25,4,2,6,1,4,5,5,2,7,0.0,0.0,0.0,0.0,0.0,3.13,10.030000000000001,12.298,11.6,7.948,8.365,11.596
21,21_Manchester United_vs_Brighton & Hove Albion,Manchester United,Brighton & Hove Albion,1.48,1.93,3.41,1.48,10,6,16,1,3,4,1,4,5,4,2,6,0.0,0.0,0.0,0.0,0.0,4.890000000000001,7.305,8.923,12.370000000000001,6.173,6.3025,8.446
21,21_Newcastle United_vs_AFC Bournemouth,Newcastle United,AFC Bournemouth,0.79,2.26,3.05,0.79,13,19,32,5,10,15,1,4,5,7,6,13,0.0,0.0,0.0,0.0,0.0,3.84,14.125,15.215,17.63,10.665000000000001,12.1125,14.63
21,21_Nottingham Forest_vs_Southampton,Nottingham Forest,Southampton,2.05,0.89,2.94,0.89,14,10,24,5,4,9,4,2,6,2,8,10,0.0,0.0,0.0,0.0,0.0,3.83,10.47,12.282000000000002,14.719999999999999,8.582,9.285,11.364
21,21_West Ham United_vs_Crystal Palace,West Ham United,Crystal Palace,0.28,1.32,1.6,0.28,7,12,19,0,7,7,0,2,2,2,4,6,0.0,0.0,0.0,0.0,0.0,1.8800000000000001,7.9,8.680000000000001,9.16,5.78,6.449999999999999,8.56
22,22_AFC Bournemouth_vs_Nottingham Forest,AFC Bournemouth,Nottingham Forest,1.69,0.98,2.67,0.98,16,18,34,10,4,14,3,1,4,3,9,12,0.0,0.0,0.0,0.0,0.0,3.65,14.335,15.601,20.63,10.601,11.967500000000001,15.202000000000002
22,22_Aston Villa_vs_West Ham United,Aston Villa,West Ham United,0.85,1.31,2.16,0.85,14,14,28,4,4,8,0,4,4,4,3,7,0.0,0.0,0.0,0.0,0.0,3.0100000000000002,11.08,13.048,17.86,8.248000000000001,8.99,12.496
22,22_Brighton & Hove Albion_vs_Everton,Brighton & Hove Albion,Everton,0.73,0.85,1.58,0.73,16,3,19,1,1,2,0,1,1,9,1,10,0.0,0.0,0.0,0.0,0.0,2.31,6.890000000000001,8.374,6.04,6.424,6.1450000000000005,8.548
22,22_Crystal Palace_vs_Brentford,Crystal Palace,Brentford,1.08,1.26,2.34,1.08,16,12,28,5,6,11,1,1,2,4,7,11,0.0,0.0,0.0,0.0,0.0,3.42,11.77,12.502,16.5,8.802000000000001,9.785000000000002,12.604000000000001
22,22_Fulham_vs_Manchester United,Fulham,Manchester United,0.67,0.25,0.92,0.25,9,4,13,3,1,4,0,0,0,3,0,3,0.0,0.0,0.0,0.0,0.0,1.17,5.16,5.476,5.42,3.4760000000000004,3.88,5.752000000000001
22,22_Liverpool_vs_Ipswich Town,Liverpool,Ipswich Town,1.98,0.48,2.46,0.48,16,3,19,6,3,9,3,2,5,3,4,7,0.0,0.0,0.0,0.0,0.0,2.94,8.73,9.838000000000001,6.42,6.688000000000001,7.5649999999999995,9.076
22,22_Manchester City_vs_Chelsea,Manchester City,Chelsea,2.5,1.8,4.3,1.8,15,10,25,6,4,10,7,3,10,2,3,5,0.0,0.0,0.0,0.0,0.0,6.1,11.65,14.29,17.9,8.79,9.825,12.58
22,22_Southampton_vs_Newcastle United,Southampton,Newcastle United,0.76,2.93,3.6900000000000004,0.76,12,17,29,5,9,14,1,6,7,3,8,11,0.0,0.0,0.0,0.0,0.0,4.45,13.345,14.807,17.21,10.157000000000002,11.522500000000003,13.814000000000002
22,22_Tottenham Hotspur_vs_Leicester City,Tottenham Hotspur,Leicester City,1.04,1.56,2.6,1.04,15,12,27,6,3,9,2,1,3,6,4,10,0.0,0.0,0.0,0.0,0.0,3.64,11.200000000000001,12.48,16.68,8.629999999999999,9.350000000000001,12.360000000000001
22,22_Wolverhampton Wanderers_vs_Arsenal,Wolverhampton Wanderers,Arsenal,0.74,1.0,1.74,0.74,9,9,18,4,3,7,1,3,4,1,5,6,0.0,0.0,0.0,0.0,0.0,2.48,7.67,8.922,12.219999999999999,5.922,6.584999999999999,8.244
23,23_AFC Bournemouth_vs_Liverpool,AFC Bournemouth,Liverpool,1.58,2.52,4.1,1.58,14,19,33,3,7,10,3,4,7,3,3,6,0.0,0.0,0.0,0.0,0.0,5.68,13.95,16.53,21.259999999999998,10.080000000000002,11.075000000000001,15.66
23,23_Arsenal_vs_Manchester City,Arsenal,Manchester City,1.0,0.81,1.81,0.81,12,7,19,7,4,11,2,1,3,5,2,7,0.0,0.0,0.0,0.0,0.0,2.62,8.805,9.043,10.43,6.1930000000000005,7.4025,8.686
23,23_Brentford_vs_Tottenham Hotspur,Brentford,Tottenham Hotspur,2.06,0.86,2.92,0.86,20,13,33,4,2,6,2,2,4,10,3,13,0.0,0.0,0.0,0.0,0.0,3.78,12.559999999999999,15.276,17.64,10.676,10.78,14.952000000000002
23,23_Chelsea_vs_West Ham United,Chelsea,West Ham United,1.67,1.22,2.8899999999999997,1.22,22,14,36,3,5,8,2,1,3,4,3,7,0.0,0.0,0.0,0.0,0.0,4.109999999999999,13.844999999999999,16.167,19.33,9.917,10.6225,16.134
23,23_Everton_vs_Leicester City,Everton,Leicester City,2.46,0.33,2.79,0.33,13,9,22,7,1,8,7,0,7,5,6,11,0.0,0.0,0.0,0.0,0.0,3.12,9.594999999999999,11.737,12.45,8.487,8.9975,10.474
23,23_Ipswich Town_vs_Southampton,Ipswich Town,Southampton,1.84,0.91,2.75,0.91,15,9,24,6,4,10,2,1,3,1,2,3,0.0,0.0,0.0,0.0,0.0,3.66,10.575,11.325000000000001,13.57,6.675000000000002,7.887500000000001,11.250000000000002
23,23_Manchester United_vs_Crystal Palace,Manchester United,Crystal Palace,1.12,2.6,3.72,1.12,17,11,28,2,3,5,1,4,5,11,0,11,0.0,0.0,0.0,0.0,0.0,4.84,11.26,13.816,16.96,9.666,9.680000000000001,13.432000000000002
23,23_Newcastle United_vs_Fulham,Newcastle United,Fulham,0.75,1.56,2.31,0.75,11,15,26,4,4,8,3,2,5,3,7,10,0.0,0.0,0.0,0.0,0.0,3.06,10.555,12.593,14.81,8.643,9.2275,11.786
23,23_Nottingham Forest_vs_Brighton & Hove Albion,Nottingham Forest,Brighton & Hove Albion,3.41,0.88,4.29,0.88,14,10,24,9,5,14,6,1,7,4,6,10,0.0,0.0,0.0,0.0,0.0,5.17,12.145,12.987000000000002,16.05,9.137,10.5225,12.174000000000001
23,23_Wolverhampton Wanderers_vs_Aston Villa,Wolverhampton Wanderers,Aston Villa,1.63,0.45,2.08,0.45,8,10,18,5,3,8,4,1,5,5,8,13,0.0,0.0,0.0,0.0,0.0,2.5300000000000002,8.04,9.324,10.98,7.574,8.02,8.448
24,24_Aston Villa_vs_Ipswich Town,Aston Villa,Ipswich Town,2.42,0.37,2.79,0.37,25,4,29,6,3,9,6,0,6,16,1,17,0.0,0.0,0.0,0.0,0.0,3.16,11.895,14.237000000000002,7.53,10.937000000000001,11.2975,13.274000000000001
24,24_Brighton & Hove Albion_vs_Chelsea,Brighton & Hove Albion,Chelsea,1.42,0.54,1.96,0.54,13,8,21,5,0,5,5,1,6,2,9,11,0.0,0.0,0.0,0.0,0.0,2.5,8.28,10.787999999999998,11.04,7.888,7.99,9.576
24,24_Crystal Palace_vs_Everton,Crystal Palace,Everton,1.72,0.96,2.6799999999999997,0.96,17,11,28,6,6,12,4,2,6,6,2,8,0.0,0.0,0.0,0.0,0.0,3.6399999999999997,12.14,13.804,15.6,8.904000000000002,10.17,12.808000000000002
24,24_Fulham_vs_Nottingham Forest,Fulham,Nottingham Forest,2.18,0.42,2.6,0.42,24,8,32,10,2,12,4,0,4,8,4,12,0.0,0.0,0.0,0.0,0.0,3.02,13.3,14.78,11.44,10.180000000000001,11.25,14.360000000000001
24,24_Leicester City_vs_Arsenal,Leicester City,Arsenal,0.22,1.38,1.5999999999999999,0.22,6,11,17,2,5,7,1,3,4,3,7,10,0.0,0.0,0.0,0.0,0.0,1.8199999999999998,7.3,8.48,8.04,6.48,6.95,7.760000000000001
24,24_Liverpool_vs_Wolverhampton Wanderers,Liverpool,Wolverhampton Wanderers,1.66,1.5,3.16,1.5,10,16,26,3,4,7,2,1,3,4,3,7,0.0,0.0,0.0,0.0,0.0,4.66,10.78,12.248000000000001,16.16,7.998,8.540000000000001,12.296
24,24_Manchester City_vs_Newcastle United,Manchester City,Newcastle United,1.9,0.48,2.38,0.48,11,3,14,7,1,8,4,0,4,7,4,11,0.0,0.0,0.0,0.0,0.0,2.86,6.99,7.514000000000001,6.34,6.314,6.845000000000001,7.0280000000000005
24,24_Southampton_vs_AFC Bournemouth,Southampton,AFC Bournemouth,0.79,1.2,1.99,0.79,11,14,25,4,7,11,1,3,4,4,6,10,0.0,0.0,0.0,0.0,0.0,2.7800000000000002,10.695,11.796999999999999,14.57,8.197,9.247499999999999,11.193999999999999
24,24_Tottenham Hotspur_vs_Manchester United,Tottenham Hotspur,Manchester United,2.23,1.52,3.75,1.52,22,16,38,7,6,13,1,2,3,10,5,15,0.0,0.0,0.0,0.0,0.0,5.27,15.875,17.225,22.79,12.175,13.1875,17.450000000000003
24,24_West Ham United_vs_Brentford,West Ham United,Brentford,0.82,1.66,2.48,0.82,13,14,27,3,5,8,1,2,3,9,2,11,0.0,0.0,0.0,0.0,0.0,3.3,10.94,12.444,17.12,8.794,9.32,12.288
25,25_AFC Bournemouth_vs_Wolverhampton Wanderers,AFC Bournemouth,Wolverhampton Wanderers,0.62,2.0,2.62,0.62,8,13,21,3,5,8,1,3,4,6,7,13,0.0,0.0,0.0,0.0,0.0,3.24,9.209999999999999,10.386,11.86,8.186,8.605,9.972000000000001
25,25_Arsenal_vs_West Ham United,Arsenal,West Ham United,1.22,1.07,2.29,1.07,20,5,25,2,2,4,1,1,2,2,0,2,0.0,0.0,0.0,0.0,0.0,3.3600000000000003,9.445,11.286999999999999,9.43,6.3870000000000005,6.772499999999999,11.374
25,25_Aston Villa_vs_Chelsea,Aston Villa,Chelsea,2.33,2.3,4.63,2.3,12,15,27,6,7,13,3,3,6,2,3,5,0.0,0.0,0.0,0.0,0.0,6.93,13.014999999999999,13.989,21.23,8.689,10.1575,13.578000000000001
25,25_Everton_vs_Manchester United,Everton,Manchester United,1.91,0.41,2.32,0.41,9,9,18,8,3,11,4,1,5,7,8,15,0.0,0.0,0.0,0.0,0.0,2.73,8.76,9.395999999999999,12.14,8.046,8.83,8.592
25,25_Fulham_vs_Crystal Palace,Fulham,Crystal Palace,0.2,1.29,1.49,0.2,10,10,20,0,5,5,0,2,2,7,7,14,0.0,0.0,0.0,0.0,0.0,1.69,7.745,9.046999999999999,11.89,7.547,7.522499999999999,8.894
25,25_Ipswich Town_vs_Tottenham Hotspur,Ipswich Town,Tottenham Hotspur,1.15,1.71,2.86,1.15,17,10,27,5,6,11,3,1,4,4,4,8,0.0,0.0,0.0,0.0,0.0,4.01,11.73,12.858,15.16,8.458,9.565,12.516
25,25_Leicester City_vs_Brentford,Leicester City,Brentford,0.51,1.52,2.0300000000000002,0.51,8,14,22,3,6,9,1,3,4,5,6,11,0.0,0.0,0.0,0.0,0.0,2.54,9.415000000000001,10.609,11.05,7.809,8.5075,10.018
25,25_Manchester City_vs_Liverpool,Manchester City,Liverpool,0.65,0.71,1.3599999999999999,0.65,16,8,24,5,4,9,0,1,1,7,5,12,0.0,0.0,0.0,0.0,0.0,2.01,9.68,10.308000000000002,10.66,7.758000000000002,8.440000000000001,10.416000000000002
25,25_Newcastle United_vs_Nottingham Forest,Newcastle United,Nottingham Forest,2.91,1.79,4.7,1.79,13,17,30,5,5,10,4,4,8,7,6,13,0.0,0.0,0.0,0.0,0.0,6.49,13.35,15.81,21.28,11.209999999999999,11.825,14.82
25,25_Southampton_vs_Brighton & Hove Albion,Southampton,Brighton & Hove Albion,0.13,3.97,4.1000000000000005,0.13,6,18,24,1,12,13,0,10,10,5,6,11,0.0,0.0,0.0,0.0,0.0,4.23,11.85,13.830000000000002,10.36,9.73,10.925000000000002,12.060000000000002
26,26_Brentford_vs_Everton,Brentford,Everton,1.48,1.37,2.85,1.37,12,14,26,3,4,7,2,3,5,2,5,7,0.0,0.0,0.0,0.0,0.0,4.220000000000001,10.625,12.755,17.59,8.205,8.762500000000001,12.11
26,26_Brighton & Hove Albion_vs_AFC Bournemouth,Brighton & Hove Albion,AFC Bournemouth,2.42,1.46,3.88,1.46,11,19,30,4,5,9,5,2,7,1,9,10,0.0,0.0,0.0,0.0,0.0,5.34,12.74,15.264,17.8,10.214,10.870000000000001,14.328
26,26_Nottingham Forest_vs_Arsenal,Nottingham Forest,Arsenal,0.4,0.99,1.3900000000000001,0.4,6,13,19,2,1,3,1,2,3,3,11,14,0.0,0.0,0.0,0.0,0.0,1.79,6.995000000000001,8.917,8.190000000000001,7.467000000000001,7.147500000000001,8.434000000000001
26,26_Tottenham Hotspur_vs_Manchester City,Tottenham Hotspur,Manchester City,1.33,2.12,3.45,1.33,11,12,23,6,5,11,2,4,6,8,3,11,0.0,0.0,0.0,0.0,0.0,4.78,10.825,12.035,17.11,8.735000000000001,9.662500000000001,11.270000000000001
26,26_West Ham United_vs_Leicester City,West Ham United,Leicester City,1.33,0.37,1.7000000000000002,0.37,8,10,18,2,2,4,4,0,4,3,3,6,0.0,0.0,0.0,0.0,0.0,2.0700000000000003,7.05,8.91,10.440000000000001,5.91,6.125,8.22
26,26_Wolverhampton Wanderers_vs_Fulham,Wolverhampton Wanderers,Fulham,1.31,1.69,3.0,1.31,18,11,29,5,5,10,0,4,4,7,4,11,0.0,0.0,0.0,0.0,0.0,4.3100000000000005,12.2,13.700000000000001,16.62,9.500000000000002,10.3,13.400000000000002
26,26_Crystal Palace_vs_Aston Villa,Crystal Palace,Aston Villa,4.31,0.38,4.6899999999999995,0.38,19,6,25,6,2,8,6,2,8,3,8,11,0.0,0.0,0.0,0.0,0.0,5.069999999999999,11.444999999999999,13.807,11.45,9.806999999999999,10.2225,12.814
26,26_Chelsea_vs_Southampton,Chelsea,Southampton,2.56,0.72,3.2800000000000002,0.72,19,7,26,10,2,12,6,2,8,4,2,6,0.0,0.0,0.0,0.0,0.0,4.0,11.84,13.784,11.72,8.584,9.92,12.368
26,26_Liverpool_vs_Newcastle United,Liverpool,Newcastle United,1.7,0.23,1.93,0.23,12,3,15,3,0,3,2,1,3,4,2,6,0.0,0.0,0.0,0.0,0.0,2.16,6.0649999999999995,7.479,5.390000000000001,5.229,5.282500000000001,7.1579999999999995
26,26_Manchester United_vs_Ipswich Town,Manchester United,Ipswich Town,0.72,1.43,2.15,0.72,10,12,22,6,3,9,2,1,3,5,6,11,0.0,0.0,0.0,0.0,0.0,2.87,9.475,10.345,13.59,7.695,8.3875,10.09
27,27_Brentford_vs_Aston Villa,Brentford,Aston Villa,0.83,1.33,2.16,0.83,13,12,25,3,4,7,0,2,2,6,5,11,0.0,0.0,0.0,0.0,0.0,2.99,9.98,11.248,15.82,8.148,8.54,11.296
27,27_Brighton & Hove Albion_vs_Fulham,Brighton & Hove Albion,Fulham,1.54,0.9,2.44,0.9,9,6,15,4,1,5,3,1,4,3,7,10,0.0,0.0,0.0,0.0,0.0,3.34,6.72,7.932,10.24,6.332,6.459999999999999,7.464
27,27_Chelsea_vs_Leicester City,Chelsea,Leicester City,1.78,0.1,1.8800000000000001,0.1,20,3,23,7,3,10,1,0,1,12,2,14,0.0,0.0,0.0,0.0,0.0,1.9800000000000002,9.84,10.064000000000002,5.08,8.114,8.82,10.328000000000001
27,27_Crystal Palace_vs_Ipswich Town,Crystal Palace,Ipswich Town,3.26,1.48,4.74,1.48,19,15,34,4,8,12,5,4,9,5,4,9,0.0,0.0,0.0,0.0,0.0,6.220000000000001,14.97,17.722,22.7,11.372000000000002,12.485,16.444000000000003
27,27_Liverpool_vs_Southampton,Liverpool,Southampton,4.12,0.36,4.48,0.36,28,6,34,7,4,11,8,1,9,6,4,10,0.0,0.0,0.0,0.0,0.0,4.840000000000001,14.64,17.644000000000002,11.2,11.494,12.42,16.288
27,27_Manchester United_vs_Arsenal,Manchester United,Arsenal,1.52,1.62,3.14,1.52,10,17,27,6,6,12,2,2,4,2,9,11,0.0,0.0,0.0,0.0,0.0,4.66,12.07,12.942,16.18,9.142000000000001,10.235000000000001,12.684000000000001
27,27_Nottingham Forest_vs_Manchester City,Nottingham Forest,Manchester City,0.73,0.86,1.5899999999999999,0.73,9,14,23,4,3,7,0,0,0,3,2,5,0.0,0.0,0.0,0.0,0.0,2.32,9.094999999999999,9.677000000000001,12.05,6.077000000000001,6.7975,10.154000000000002
27,27_Tottenham Hotspur_vs_AFC Bournemouth,Tottenham Hotspur,AFC Bournemouth,1.53,2.2,3.7300000000000004,1.53,12,17,29,4,8,12,1,5,6,3,6,9,0.0,0.0,0.0,0.0,0.0,5.260000000000001,12.965,14.519000000000002,18.79,9.619000000000002,10.7825,13.838000000000001
27,27_West Ham United_vs_Newcastle United,West Ham United,Newcastle United,0.72,1.4,2.12,0.72,9,9,18,2,3,5,1,3,4,3,4,7,0.0,0.0,0.0,0.0,0.0,2.84,7.459999999999999,9.036,12.56,6.236,6.529999999999999,8.472
27,27_Wolverhampton Wanderers_vs_Everton,Wolverhampton Wanderers,Everton,0.77,1.41,2.1799999999999997,0.77,11,12,23,3,4,7,1,2,3,5,5,10,0.0,0.0,0.0,0.0,0.0,2.9499999999999997,9.389999999999999,10.754000000000001,14.719999999999999,7.704000000000001,8.145,10.508000000000001
28,28_AFC Bournemouth_vs_Brentford,AFC Bournemouth,Brentford,1.67,0.83,2.5,0.83,17,10,27,5,4,9,3,2,5,4,3,7,0.0,0.0,0.0,0.0,0.0,3.33,11.15,13.05,14.16,8.3,9.175,12.3
28,28_Arsenal_vs_Chelsea,Arsenal,Chelsea,0.71,0.36,1.0699999999999998,0.36,12,8,20,4,2,6,0,0,0,5,4,9,0.0,0.0,0.0,0.0,0.0,1.4299999999999997,7.735,8.321,9.79,6.1209999999999996,6.5175,8.642
28,28_Aston Villa_vs_Liverpool,Aston Villa,Liverpool,0.67,2.51,3.1799999999999997,0.67,9,17,26,4,3,7,2,3,5,6,8,14,0.0,0.0,0.0,0.0,0.0,3.8499999999999996,10.790000000000001,12.854000000000001,13.52,9.704,9.895,12.308
28,28_Everton_vs_West Ham United,Everton,West Ham United,1.0,0.83,1.83,0.83,13,10,23,5,5,10,1,1,2,6,5,11,0.0,0.0,0.0,0.0,0.0,2.66,9.815,10.349,13.49,7.649000000000001,8.5075,10.298000000000002
28,28_Fulham_vs_Tottenham Hotspur,Fulham,Tottenham Hotspur,0.97,0.95,1.92,0.95,13,12,25,4,4,8,2,2,4,6,5,11,0.0,0.0,0.0,0.0,0.0,2.87,10.06,11.776,15.82,8.376,8.93,11.152
28,28_Ipswich Town_vs_Nottingham Forest,Ipswich Town,Nottingham Forest,0.42,1.52,1.94,0.42,11,11,22,4,6,10,0,3,3,6,3,9,0.0,0.0,0.0,0.0,0.0,2.36,9.57,10.282000000000002,13.78,7.232,8.185,9.964
28,28_Leicester City_vs_Manchester United,Leicester City,Manchester United,1.05,0.91,1.96,0.91,11,18,29,3,5,8,3,0,3,6,4,10,0.0,0.0,0.0,0.0,0.0,2.87,11.28,13.088000000000001,14.780000000000001,8.838000000000001,9.440000000000001,12.776000000000002
28,28_Manchester City_vs_Brighton & Hove Albion,Manchester City,Brighton & Hove Albion,1.72,2.04,3.76,1.72,11,15,26,3,3,6,4,6,10,4,5,9,0.0,0.0,0.0,0.0,0.0,5.4799999999999995,10.879999999999999,14.528,18.2,9.628,9.89,12.656
28,28_Newcastle United_vs_Crystal Palace,Newcastle United,Crystal Palace,1.54,2.0,3.54,1.54,14,11,25,7,4,11,5,3,8,5,4,9,0.0,0.0,0.0,0.0,0.0,5.08,11.469999999999999,13.462,17.62,9.062,10.084999999999999,12.124
28,28_Southampton_vs_Wolverhampton Wanderers,Southampton,Wolverhampton Wanderers,1.37,0.36,1.73,0.36,10,5,15,3,3,6,3,1,4,5,1,6,0.0,0.0,0.0,0.0,0.0,2.09,6.565,7.719,7.45,5.319,5.8325,7.038
29,29_AFC Bournemouth_vs_Ipswich Town,AFC Bournemouth,Ipswich Town,1.87,1.17,3.04,1.17,24,10,34,7,2,9,2,3,5,8,3,11,0.0,0.0,0.0,0.0,0.0,4.21,13.52,16.012,15.379999999999999,10.662,11.31,15.424000000000001
29,29_Arsenal_vs_Fulham,Arsenal,Fulham,2.38,0.99,3.37,0.99,17,9,26,4,3,7,2,2,4,5,4,9,0.0,0.0,0.0,0.0,0.0,4.36,10.885,12.610999999999999,14.35,8.611,9.0425,12.422
29,29_Brighton & Hove Albion_vs_Aston Villa,Brighton & Hove Albion,Aston Villa,0.9,1.25,2.15,0.9,11,8,19,4,5,9,0,2,2,4,0,4,0.0,0.0,0.0,0.0,0.0,3.05,8.575000000000001,8.845,11.95,5.545,6.5874999999999995,8.89
29,29_Nottingham Forest_vs_Manchester United,Nottingham Forest,Manchester United,0.48,1.63,2.11,0.48,8,23,31,2,6,8,0,3,3,3,10,13,0.0,0.0,0.0,0.0,0.0,2.59,11.954999999999998,13.933,11.07,9.883,10.327499999999999,13.666
29,29_Wolverhampton Wanderers_vs_West Ham United,Wolverhampton Wanderers,West Ham United,1.18,1.34,2.52,1.18,9,10,19,2,1,3,2,4,6,1,2,3,0.0,0.0,0.0,0.0,0.0,3.7,7.5600000000000005,10.156,13.879999999999999,6.056000000000001,6.230000000000001,9.112
29,29_Chelsea_vs_Tottenham Hotspur,Chelsea,Tottenham Hotspur,1.1,0.87,1.9700000000000002,0.87,11,8,19,5,2,7,4,2,6,4,6,10,0.0,0.0,0.0,0.0,0.0,2.8400000000000003,8.085,9.991,11.71,7.291,7.7425,8.782
29,29_Manchester City_vs_Leicester City,Manchester City,Leicester City,2.24,0.07,2.31,0.07,18,2,20,5,0,5,2,0,2,5,0,5,0.0,0.0,0.0,0.0,0.0,2.38,8.155000000000001,9.293,4.45,5.992999999999999,6.3774999999999995,9.386
29,29_Newcastle United_vs_Brentford,Newcastle United,Brentford,1.29,1.6,2.89,1.29,21,12,33,4,3,7,2,2,4,4,5,9,0.0,0.0,0.0,0.0,0.0,4.18,12.745000000000001,15.267,17.47,9.867,10.3225,14.934000000000001
29,29_Southampton_vs_Crystal Palace,Southampton,Crystal Palace,0.67,0.74,1.4100000000000001,0.67,8,9,17,2,3,5,1,1,2,2,2,4,0.0,0.0,0.0,0.0,0.0,2.08,6.805,7.823,10.75,4.923,5.4025,7.646000000000001
29,29_Liverpool_vs_Everton,Liverpool,Everton,1.47,0.67,2.14,0.67,17,5,22,3,0,3,1,2,3,11,5,16,0.0,0.0,0.0,0.0,0.0,2.81,8.27,10.342,8.48,8.692,8.235000000000001,10.084000000000001
30,30_Aston Villa_vs_Nottingham Forest,Aston Villa,Nottingham Forest,3.03,1.48,4.51,1.48,17,19,36,8,3,11,4,0,4,4,4,8,0.0,0.0,0.0,0.0,0.0,5.99,15.254999999999999,16.953,24.47,10.753,11.7775,17.106
30,30_Brentford_vs_Chelsea,Brentford,Chelsea,1.18,1.23,2.41,1.18,9,21,30,2,5,7,3,3,6,3,6,9,0.0,0.0,0.0,0.0,0.0,3.59,11.605,14.523000000000001,13.77,9.423,9.9025,13.446
30,30_Crystal Palace_vs_Brighton & Hove Albion,Crystal Palace,Brighton & Hove Albion,0.6,1.0,1.6,0.6,8,11,19,3,5,8,0,2,2,2,4,6,0.0,0.0,0.0,0.0,0.0,2.2,8.1,8.680000000000001,10.8,5.78,6.6,8.56
30,30_Everton_vs_Arsenal,Everton,Arsenal,1.09,1.79,2.88,1.09,5,14,19,2,5,7,2,1,3,3,8,11,0.0,0.0,0.0,0.0,0.0,3.9699999999999998,8.540000000000001,9.364,10.06,7.314000000000001,7.67,9.328000000000001
30,30_Fulham_vs_Liverpool,Fulham,Liverpool,0.74,1.5,2.24,0.74,12,14,26,6,6,12,3,3,6,4,4,8,0.0,0.0,0.0,0.0,0.0,2.9800000000000004,11.32,12.872,15.72,8.372,9.659999999999998,11.744
30,30_Ipswich Town_vs_Wolverhampton Wanderers,Ipswich Town,Wolverhampton Wanderers,0.8,2.71,3.51,0.8,6,22,28,2,7,9,1,4,5,4,8,12,0.0,0.0,0.0,0.0,0.0,4.31,11.955000000000002,13.753,11.11,9.803,10.377500000000001,13.306000000000001
30,30_Leicester City_vs_Newcastle United,Leicester City,Newcastle United,0.48,3.25,3.73,0.48,7,16,23,2,5,7,0,4,4,12,2,14,0.0,0.0,0.0,0.0,0.0,4.21,10.165,11.519,11.69,9.119,9.2825,11.438
30,30_Manchester United_vs_Manchester City,Manchester United,Manchester City,0.91,0.49,1.4,0.49,13,9,22,2,5,7,0,1,1,5,3,8,0.0,0.0,0.0,0.0,0.0,1.89,8.7,9.520000000000001,11.379999999999999,6.57,7.15,9.64
30,30_Tottenham Hotspur_vs_Southampton,Tottenham Hotspur,Southampton,2.12,1.04,3.16,1.04,13,12,25,8,4,12,4,3,7,4,1,5,0.0,0.0,0.0,0.0,0.0,4.2,11.48,13.048,17.240000000000002,7.998,9.39,11.896
30,30_West Ham United_vs_AFC Bournemouth,West Ham United,AFC Bournemouth,0.69,2.12,2.81,0.69,9,11,20,3,4,7,1,2,3,4,7,11,0.0,0.0,0.0,0.0,0.0,3.5,8.805,9.743,13.19,7.493,7.852499999999999,9.686
31,31_AFC Bournemouth_vs_Fulham,AFC Bournemouth,Fulham,1.46,1.07,2.5300000000000002,1.07,12,12,24,3,7,10,2,1,3,6,9,15,0.0,0.0,0.0,0.0,0.0,3.6000000000000005,10.465,11.259000000000002,16.67,9.009,9.6325,11.118000000000002
31,31_Arsenal_vs_Brentford,Arsenal,Brentford,0.96,0.24,1.2,0.24,14,3,17,3,2,5,1,1,2,13,5,18,0.0,0.0,0.0,0.0,0.0,1.44,6.699999999999999,7.760000000000001,4.68,7.66,7.449999999999999,7.5200000000000005
31,31_Brighton & Hove Albion_vs_Leicester City,Brighton & Hove Albion,Leicester City,3.91,1.5,5.41,1.5,21,15,36,7,6,13,7,2,9,3,6,9,0.0,0.0,0.0,0.0,0.0,6.91,16.105,18.723000000000003,23.41,11.973,13.202499999999999,17.646
31,31_Chelsea_vs_Ipswich Town,Chelsea,Ipswich Town,2.27,1.07,3.34,1.07,34,13,47,9,4,13,4,3,7,15,4,19,0.0,0.0,0.0,0.0,0.0,4.41,18.37,21.902,18.48,15.252000000000002,16.085,20.804000000000002
31,31_Liverpool_vs_West Ham United,Liverpool,West Ham United,1.78,1.5,3.2800000000000002,1.5,15,11,26,6,4,10,2,4,6,10,3,13,0.0,0.0,0.0,0.0,0.0,4.78,11.44,13.184,17.28,9.684000000000001,10.37,12.368
31,31_Manchester City_vs_Crystal Palace,Manchester City,Crystal Palace,3.81,1.82,5.63,1.82,21,8,29,9,3,12,12,3,15,1,4,5,0.0,0.0,0.0,0.0,0.0,7.45,13.915,17.789,17.27,10.739,12.0075,14.978000000000002
31,31_Newcastle United_vs_Manchester United,Newcastle United,Manchester United,2.17,0.72,2.8899999999999997,0.72,13,9,22,6,5,11,6,2,8,7,2,9,0.0,0.0,0.0,0.0,0.0,3.6099999999999994,10.245000000000001,12.067,13.33,8.267,9.322500000000002,10.534
31,31_Nottingham Forest_vs_Everton,Nottingham Forest,Everton,0.52,1.36,1.8800000000000001,0.52,10,13,23,5,5,10,0,2,2,1,7,8,0.0,0.0,0.0,0.0,0.0,2.4000000000000004,9.84,10.364,12.92,7.064000000000001,8.07,10.328000000000001
31,31_Southampton_vs_Aston Villa,Southampton,Aston Villa,0.31,3.03,3.34,0.31,7,25,32,2,10,12,1,6,7,2,13,15,0.0,0.0,0.0,0.0,0.0,3.65,13.67,15.902000000000001,10.96,11.452000000000002,12.335,14.804
31,31_Wolverhampton Wanderers_vs_Tottenham Hotspur,Wolverhampton Wanderers,Tottenham Hotspur,2.39,1.96,4.35,1.96,13,11,24,5,4,9,4,2,6,1,4,5,0.0,0.0,0.0,0.0,0.0,6.31,11.175,12.705000000000002,19.27,8.005,8.887500000000001,12.21
32,32_Aston Villa_vs_Newcastle United,Aston Villa,Newcastle United,2.26,1.0,3.26,1.0,23,10,33,9,3,12,5,2,7,7,7,14,0.0,0.0,0.0,0.0,0.0,4.26,13.930000000000001,16.278000000000002,15.26,11.428,12.365,15.156
32,32_Brentford_vs_Brighton & Hove Albion,Brentford,Brighton & Hove Albion,2.17,1.43,3.5999999999999996,1.43,16,12,28,8,3,11,6,2,8,4,7,11,0.0,0.0,0.0,0.0,0.0,5.029999999999999,12.399999999999999,14.680000000000001,18.46,10.08,11.0,13.360000000000001
32,32_Crystal Palace_vs_AFC Bournemouth,Crystal Palace,AFC Bournemouth,0.37,0.72,1.0899999999999999,0.37,5,15,20,0,4,4,0,1,1,5,4,9,0.0,0.0,0.0,0.0,0.0,1.46,7.345,8.627,6.83,6.277,6.3725,8.654
32,32_Everton_vs_Manchester City,Everton,Manchester City,0.91,2.04,2.95,0.91,8,12,20,3,7,10,1,3,4,2,5,7,0.0,0.0,0.0,0.0,0.0,3.8600000000000003,9.475,10.084999999999999,12.77,6.885,7.887499999999999,9.77
32,32_Fulham_vs_Chelsea,Fulham,Chelsea,0.25,0.9,1.15,0.25,6,13,19,1,8,9,0,1,1,5,4,9,0.0,0.0,0.0,0.0,0.0,1.4,8.075000000000001,8.245000000000001,7.65,6.095000000000001,6.9375,8.290000000000001
32,32_Ipswich Town_vs_Arsenal,Ipswich Town,Arsenal,0.17,2.55,2.7199999999999998,0.17,4,24,28,0,7,7,0,3,3,0,12,12,0.0,0.0,0.0,0.0,0.0,2.8899999999999997,11.16,12.916000000000002,7.06,9.266,9.58,12.832
32,32_Leicester City_vs_Liverpool,Leicester City,Liverpool,0.27,2.57,2.84,0.27,5,28,33,0,10,10,0,10,10,1,13,14,0.0,0.0,0.0,0.0,0.0,3.11,13.32,17.052000000000003,8.379999999999999,11.752,12.41,14.904000000000002
32,32_Manchester United_vs_Wolverhampton Wanderers,Manchester United,Wolverhampton Wanderers,1.32,0.25,1.57,0.25,12,4,16,2,2,4,1,0,1,9,2,11,0.0,0.0,0.0,0.0,0.0,1.82,6.385,7.171,6.07,6.021000000000001,5.9925,7.3420000000000005
32,32_Tottenham Hotspur_vs_Nottingham Forest,Tottenham Hotspur,Nottingham Forest,2.14,0.48,2.62,0.48,22,4,26,6,3,9,4,1,5,7,1,8,0.0,0.0,0.0,0.0,0.0,3.1,10.91,12.686,7.58,8.336,9.155,11.972000000000001
32,32_West Ham United_vs_Southampton,West Ham United,Southampton,0.91,0.64,1.55,0.64,12,15,27,4,4,8,0,1,1,2,5,7,0.0,0.0,0.0,0.0,0.0,2.19,10.475,11.565000000000001,14.83,7.415000000000001,8.187500000000002,11.73
33,33_AFC Bournemouth_vs_Manchester United,AFC Bournemouth,Manchester United,0.53,2.52,3.05,0.53,8,25,33,1,6,7,1,2,3,5,10,15,0.0,0.0,0.0,0.0,0.0,3.58,12.825000000000001,15.015,12.11,10.965,11.1125,15.030000000000001
33,33_Arsenal_vs_Crystal Palace,Arsenal,Crystal Palace,1.18,1.81,2.99,1.18,12,15,27,6,4,10,4,5,9,3,6,9,0.0,0.0,0.0,0.0,0.0,4.17,11.594999999999999,14.397,17.35,9.447000000000001,10.3475,12.594000000000001
33,33_Brighton & Hove Albion_vs_West Ham United,Brighton & Hove Albion,West Ham United,1.31,1.27,2.58,1.27,16,12,28,9,4,13,2,2,4,8,1,9,0.0,0.0,0.0,0.0,0.0,3.85,12.290000000000001,13.174,17.12,8.774000000000001,10.145,12.748000000000001
33,33_Chelsea_vs_Everton,Chelsea,Everton,0.88,0.44,1.32,0.44,10,6,16,7,3,10,1,2,3,10,2,12,0.0,0.0,0.0,0.0,0.0,1.76,7.46,7.696000000000001,8.2,6.446000000000001,7.28,7.192
33,33_Liverpool_vs_Tottenham Hotspur,Liverpool,Tottenham Hotspur,2.28,0.46,2.7399999999999998,0.46,25,8,33,8,3,11,2,1,3,8,2,10,0.0,0.0,0.0,0.0,0.0,3.1999999999999997,13.469999999999999,14.922,11.66,9.872,10.885,14.844000000000001
33,33_Manchester City_vs_Aston Villa,Manchester City,Aston Villa,1.33,1.76,3.09,1.33,14,7,21,6,3,9,3,3,6,10,2,12,0.0,0.0,0.0,0.0,0.0,4.42,9.645,11.126999999999999,12.75,8.427,9.0225,10.254
33,33_Newcastle United_vs_Ipswich Town,Newcastle United,Ipswich Town,2.85,0.1,2.95,0.1,25,4,29,5,0,5,6,0,6,11,2,13,0.0,0.0,0.0,0.0,0.0,3.0500000000000003,11.174999999999999,14.285000000000002,7.15,10.185,10.1375,13.370000000000001
33,33_Nottingham Forest_vs_Brentford,Nottingham Forest,Brentford,0.9,1.29,2.19,0.9,14,11,25,5,3,8,0,3,3,4,5,9,0.0,0.0,0.0,0.0,0.0,3.09,10.195,11.557,14.99,7.907,8.547500000000001,11.314
33,33_Southampton_vs_Fulham,Southampton,Fulham,0.63,2.42,3.05,0.63,7,26,33,3,5,8,1,1,2,0,13,13,0.0,0.0,0.0,0.0,0.0,3.6799999999999997,13.025,14.715,11.309999999999999,10.415000000000001,10.8125,15.030000000000001
33,33_Wolverhampton Wanderers_vs_Leicester City,Wolverhampton Wanderers,Leicester City,2.02,1.15,3.17,1.15,20,8,28,6,2,8,2,1,3,4,2,6,0.0,0.0,0.0,0.0,0.0,4.32,11.584999999999999,13.051000000000002,13.469999999999999,8.201,8.9425,13.102
34,34_Arsenal_vs_AFC Bournemouth,Arsenal,AFC Bournemouth,1.42,0.97,2.3899999999999997,0.97,13,9,22,4,2,6,4,3,7,2,3,5,0.0,0.0,0.0,0.0,0.0,3.3599999999999994,8.995000000000001,11.617,13.33,7.167,7.697500000000001,10.234
34,34_Aston Villa_vs_Fulham,Aston Villa,Fulham,0.96,0.85,1.81,0.85,10,11,21,3,3,6,5,1,6,5,3,8,0.0,0.0,0.0,0.0,0.0,2.66,8.405000000000001,10.742999999999999,13.51,7.243,7.652500000000001,9.486
34,34_Brentford_vs_Manchester United,Brentford,Manchester United,2.8,1.56,4.359999999999999,1.56,12,14,26,6,5,11,6,1,7,7,3,10,0.0,0.0,0.0,0.0,0.0,5.92,12.18,13.808,19.48,9.558,10.49,13.016
34,34_Chelsea_vs_Liverpool,Chelsea,Liverpool,3.13,1.05,4.18,1.05,17,11,28,7,2,9,5,3,8,3,6,9,0.0,0.0,0.0,0.0,0.0,5.2299999999999995,12.290000000000001,14.854000000000001,17.28,9.854,10.545,13.708
34,34_Crystal Palace_vs_Nottingham Forest,Crystal Palace,Nottingham Forest,2.32,0.73,3.05,0.73,20,12,32,3,4,7,4,0,4,7,4,11,0.0,0.0,0.0,0.0,0.0,3.78,12.525,14.915,16.509999999999998,10.115,10.4625,14.63
34,34_Everton_vs_Ipswich Town,Everton,Ipswich Town,0.55,0.85,1.4,0.55,8,12,20,3,5,8,2,1,3,2,3,5,0.0,0.0,0.0,0.0,0.0,1.95,8.3,9.32,10.5,5.87,6.75,8.84
34,34_Leicester City_vs_Southampton,Leicester City,Southampton,1.4,0.53,1.93,0.53,14,8,22,4,2,6,1,1,2,6,7,13,0.0,0.0,0.0,0.0,0.0,2.46,8.765,9.979000000000001,10.99,7.8790000000000004,8.0325,9.958
34,34_Manchester City_vs_Wolverhampton Wanderers,Manchester City,Wolverhampton Wanderers,0.71,0.4,1.1099999999999999,0.4,9,6,15,2,1,3,1,2,3,4,5,9,0.0,0.0,0.0,0.0,0.0,1.5099999999999998,5.654999999999999,7.2330000000000005,7.91,5.583,5.5275,6.666
34,34_West Ham United_vs_Tottenham Hotspur,West Ham United,Tottenham Hotspur,0.84,0.77,1.6099999999999999,0.77,11,7,18,2,2,4,2,1,3,1,3,4,0.0,0.0,0.0,0.0,0.0,2.38,7.004999999999999,8.583,10.15,5.333,5.6525,8.166
34,34_Brighton & Hove Albion_vs_Newcastle United,Brighton & Hove Albion,Newcastle United,0.69,1.87,2.56,0.69,5,13,18,2,5,7,1,1,2,1,4,5,0.0,0.0,0.0,0.0,0.0,3.25,8.08,8.568,8.94,5.668,6.34,8.736
35,35_AFC Bournemouth_vs_Aston Villa,AFC Bournemouth,Aston Villa,0.8,0.98,1.78,0.8,10,6,16,4,3,7,2,2,4,10,0,10,0.0,0.0,0.0,0.0,0.0,2.58,7.09,8.134,9.379999999999999,6.334,6.795,7.468
35,35_Fulham_vs_Everton,Fulham,Everton,0.79,1.12,1.9100000000000001,0.79,18,11,29,6,7,13,1,3,4,5,5,10,0.0,0.0,0.0,0.0,0.0,2.7,12.254999999999999,13.373000000000001,14.49,8.973,10.3275,12.746000000000002
35,35_Ipswich Town_vs_Brentford,Ipswich Town,Brentford,0.93,1.41,2.34,0.93,11,15,26,4,5,9,1,1,2,5,6,11,0.0,0.0,0.0,0.0,0.0,3.27,10.77,11.702,15.2,8.402000000000001,9.084999999999999,11.804
35,35_Liverpool_vs_Arsenal,Liverpool,Arsenal,2.39,2.58,4.970000000000001,2.39,14,15,29,5,7,12,4,4,8,3,1,4,0.0,0.0,0.0,0.0,0.0,7.360000000000001,13.584999999999999,15.491000000000001,23.75,9.291,10.6425,14.582
35,35_Manchester United_vs_West Ham United,Manchester United,West Ham United,2.23,1.76,3.99,1.76,20,9,29,5,4,9,4,4,8,8,5,13,0.0,0.0,0.0,0.0,0.0,5.75,12.495000000000001,15.197000000000003,16.509999999999998,10.797,11.2975,13.994000000000002
35,35_Newcastle United_vs_Chelsea,Newcastle United,Chelsea,1.57,0.69,2.26,0.69,15,10,25,6,3,9,2,1,3,2,8,10,0.0,0.0,0.0,0.0,0.0,2.9499999999999997,10.43,11.578,13.64,8.128,8.864999999999998,11.356
35,35_Nottingham Forest_vs_Leicester City,Nottingham Forest,Leicester City,1.3,1.05,2.35,1.05,15,10,25,4,6,10,4,4,8,4,4,8,0.0,0.0,0.0,0.0,0.0,3.4000000000000004,10.675,13.105,14.45,8.504999999999999,9.487499999999999,11.41
35,35_Southampton_vs_Manchester City,Southampton,Manchester City,0.1,1.82,1.9200000000000002,0.1,2,26,28,0,5,5,0,0,0,1,15,16,0.0,0.0,0.0,0.0,0.0,2.02,10.360000000000001,11.776000000000002,4.12,9.376000000000001,9.23,12.352
35,35_Tottenham Hotspur_vs_Crystal Palace,Tottenham Hotspur,Crystal Palace,0.73,3.36,4.09,0.73,8,23,31,1,10,11,1,9,10,4,8,12,0.0,0.0,0.0,0.0,0.0,4.82,13.544999999999998,16.627,13.55,11.327,12.1725,14.854
35,35_Wolverhampton Wanderers_vs_Brighton & Hove Albion,Wolverhampton Wanderers,Brighton & Hove Albion,0.91,1.57,2.48,0.91,10,7,17,3,2,5,1,2,3,7,4,11,0.0,0.0,0.0,0.0,0.0,3.39,7.34,8.444,11.3,6.7940000000000005,6.870000000000001,8.288
36,36_Arsenal_vs_Newcastle United,Arsenal,Newcastle United,0.64,1.86,2.5,0.64,12,14,26,4,5,9,1,3,4,10,7,17,0.0,0.0,0.0,0.0,0.0,3.14,10.850000000000001,12.35,15.780000000000001,9.950000000000001,10.325,11.9
36,36_Aston Villa_vs_Tottenham Hotspur,Aston Villa,Tottenham Hotspur,1.39,0.51,1.9,0.51,18,3,21,7,1,8,3,1,4,9,1,10,0.0,0.0,0.0,0.0,0.0,2.41,8.85,10.17,5.92,7.37,7.975,9.540000000000001
36,36_Brentford_vs_Fulham,Brentford,Fulham,2.87,0.99,3.8600000000000003,0.99,11,16,27,6,7,13,4,2,6,5,3,8,0.0,0.0,0.0,0.0,0.0,4.8500000000000005,12.629999999999999,13.758000000000001,16.84,9.058000000000002,10.415,13.116000000000001
36,36_Brighton & Hove Albion_vs_Liverpool,Brighton & Hove Albion,Liverpool,2.2,2.23,4.43,2.2,25,18,43,12,5,17,2,3,5,3,3,6,0.0,0.0,0.0,0.0,0.0,6.63,18.515,20.029,26.83,11.879000000000001,13.9075,19.858
36,36_Chelsea_vs_Manchester United,Chelsea,Manchester United,0.82,0.29,1.1099999999999999,0.29,11,4,15,3,1,4,3,0,3,7,2,9,0.0,0.0,0.0,0.0,0.0,1.4,5.8549999999999995,7.2330000000000005,5.6899999999999995,5.583,5.677499999999999,6.666
36,36_Crystal Palace_vs_Wolverhampton Wanderers,Crystal Palace,Wolverhampton Wanderers,1.66,1.41,3.07,1.41,14,12,26,10,3,13,2,2,4,0,9,9,0.0,0.0,0.0,0.0,0.0,4.4799999999999995,11.934999999999999,12.520999999999999,17.89,8.521,9.8675,12.242
36,36_Everton_vs_Southampton,Everton,Southampton,2.73,1.21,3.94,1.21,13,6,19,5,2,7,4,2,6,4,5,9,0.0,0.0,0.0,0.0,0.0,5.15,9.07,10.582,12.36,7.682,8.084999999999999,9.964
36,36_Leicester City_vs_Ipswich Town,Leicester City,Ipswich Town,0.8,1.41,2.21,0.8,9,20,29,3,2,5,0,1,1,2,2,4,0.0,0.0,0.0,0.0,0.0,3.01,10.805,12.563000000000002,12.81,7.413000000000001,7.852500000000001,12.926000000000002
36,36_Manchester City_vs_AFC Bournemouth,Manchester City,AFC Bournemouth,1.54,1.12,2.66,1.12,12,8,20,5,2,7,3,2,5,3,1,4,0.0,0.0,0.0,0.0,0.0,3.7800000000000002,8.73,10.298,12.9,6.348,7.0649999999999995,9.596
36,36_West Ham United_vs_Nottingham Forest,West Ham United,Nottingham Forest,1.13,1.96,3.09,1.13,16,10,26,5,5,10,0,4,4,8,7,15,0.0,0.0,0.0,0.0,0.0,4.22,11.344999999999999,12.527,15.35,9.726999999999999,10.3225,12.254
37,37_AFC Bournemouth_vs_Leicester City,AFC Bournemouth,Leicester City,1.62,0.27,1.8900000000000001,0.27,20,3,23,7,0,7,3,0,3,6,1,7,0.0,0.0,0.0,0.0,0.0,2.16,9.245,10.667000000000002,5.43,7.017000000000001,7.6225000000000005,10.334000000000001
37,37_Fulham_vs_Manchester City,Fulham,Manchester City,1.28,2.99,4.2700000000000005,1.28,13,20,33,3,5,8,4,3,7,1,6,7,0.0,0.0,0.0,0.0,0.0,5.550000000000001,13.635,16.581,19.83,10.331000000000001,10.967500000000001,15.762
37,37_Ipswich Town_vs_West Ham United,Ipswich Town,West Ham United,0.74,1.08,1.82,0.74,14,10,24,4,6,10,1,1,2,4,0,4,0.0,0.0,0.0,0.0,0.0,2.56,10.11,10.746,13.3,6.446000000000001,7.655,10.692000000000002
37,37_Liverpool_vs_Crystal Palace,Liverpool,Crystal Palace,2.14,1.77,3.91,1.77,14,8,22,3,5,8,4,2,6,11,0,11,0.0,0.0,0.0,0.0,0.0,5.68,10.155,11.773000000000001,15.45,8.673,9.127500000000001,11.146
37,37_Manchester United_vs_Aston Villa,Manchester United,Aston Villa,2.97,0.39,3.3600000000000003,0.39,26,6,32,10,1,11,3,0,3,4,3,7,0.0,0.0,0.0,0.0,0.0,3.7500000000000004,13.48,14.708000000000002,10.14,9.258,10.39,14.816
37,37_Newcastle United_vs_Everton,Newcastle United,Everton,1.27,1.16,2.4299999999999997,1.16,17,14,31,6,6,12,1,2,3,12,3,15,0.0,0.0,0.0,0.0,0.0,3.59,12.915,14.029,18.75,10.379,11.3075,13.858
37,37_Nottingham Forest_vs_Chelsea,Nottingham Forest,Chelsea,1.2,1.09,2.29,1.09,10,6,16,2,2,4,2,3,5,7,4,11,0.0,0.0,0.0,0.0,0.0,3.38,6.745,8.587,10.47,6.837,6.772499999999999,7.774
37,37_Southampton_vs_Arsenal,Southampton,Arsenal,0.62,2.39,3.0100000000000002,0.62,7,23,30,2,8,10,0,4,4,5,8,13,0.0,0.0,0.0,0.0,0.0,3.6300000000000003,12.505,14.103,11.25,10.103,10.8025,13.806000000000001
37,37_Tottenham Hotspur_vs_Brighton & Hove Albion,Tottenham Hotspur,Brighton & Hove Albion,2.03,2.24,4.27,2.03,4,23,27,2,8,10,3,5,8,2,11,13,0.0,0.0,0.0,0.0,0.0,6.299999999999999,12.235,14.481000000000002,12.329999999999998,10.481,11.1175,13.362
37,37_Wolverhampton Wanderers_vs_Brentford,Wolverhampton Wanderers,Brentford,1.04,1.43,2.4699999999999998,1.04,18,13,31,6,7,13,1,3,4,8,3,11,0.0,0.0,0.0,0.0,0.0,3.51,13.134999999999998,14.341,17.55,9.741,11.0175,13.882
