HomeTeam,AwayTeam,Occupancy,xG_home,xG_away,Shots_home,Shots_away,ShotsOnTarget_home,ShotsOnTarget_away,BigChances_home,BigChances_away,Corners_home,Corners_away,TouchesOppBox_home,TouchesOppBox_away,SLS_Fplus
AFC Bournemouth,Crystal Palace,0.9274166666666667,1.47,0.45,18,10,4,4,0,0,5,2,34,17,31.03029683812637
Arsenal,Ipswich Town,0.9981451733103688,1.86,0.15,13,3,5,0,3,0,5,1,40,5,33.57795523795638
Brighton & Hove Albion,Brentford,0.9898343373493976,1.31,1.07,24,8,7,3,1,1,5,3,44,17,45.53860060339295
Chelsea,Fulham,0.9485193948519395,1.12,1.78,12,14,8,7,3,3,3,1,24,23,52.515754895104145
Liverpool,Leicester City,0.9840720673673217,1.91,0.34,19,4,7,1,1,0,14,1,60,4,44.971354397899105
Manchester City,Everton,0.9533549921048333,2.09,0.63,24,8,5,3,4,1,8,5,50,15,49.25330658736969
Newcastle United,Aston Villa,0.9888168618977217,2.76,0.34,22,4,8,1,3,0,9,6,49,9,54.9313339231457
Nottingham Forest,Tottenham Hotspur,0.9877027734170591,1.12,0.9,10,13,3,4,2,1,2,7,18,30,37.59994384690501
Southampton,West Ham United,0.9501361314203555,1.4,1.81,18,16,5,2,4,2,2,2,31,25,46.713994402271204
Wolverhampton Wanderers,Manchester United,0.9070875693160814,0.86,0.44,7,11,4,4,1,0,4,4,14,20,22.670284613815852
