HomeTeam,AwayTeam,Occupancy,xG_home,xG_away,Shots_home,Shots_away,ShotsOnTarget_home,ShotsOnTarget_away,BigChances_home,BigChances_away,Corners_home,Corners_away,TouchesOppBox_home,TouchesOppBox_away,SLS_Fplus
Aston Villa,Ipswich Town,0.9926676629927144,2.42,0.37,25,4,6,3,6,0,16,1,47,9,55.36359719675073
Brighton & Hove Albion,Chelsea,0.9884224397590361,1.42,0.54,13,8,5,0,5,1,2,9,22,26,37.88975754527155
Crystal Palace,Everton,0.9543502223573682,1.72,0.96,17,11,6,6,4,2,6,2,27,18,48.97377210822454
Fulham,Nottingham Forest,1.0569649805447472,2.18,0.42,24,8,10,2,4,0,8,4,37,16,57.00526076997501
Leicester City,Arsenal,0.9317400174876129,0.22,1.38,6,11,2,5,1,3,3,7,23,34,32.64710773570828
Liverpool,Wolverhampton Wanderers,0.9857203472811541,1.66,1.5,10,16,3,4,2,1,4,3,23,22,46.380450325489264
Manchester City,Newcastle United,0.9516307602954789,1.9,0.48,11,3,7,1,4,0,7,4,24,10,39.45018234730244
Southampton,AFC Bournemouth,0.9494631221511823,0.79,1.2,11,14,4,7,1,3,4,6,25,30,42.17787136363027
Tottenham Hotspur,Manchester United,0.9766587112171837,2.23,1.52,22,16,7,6,1,2,10,5,44,32,67.89155023405291
West Ham United,Brentford,1.0411166666666667,0.82,1.66,13,14,3,5,1,2,9,2,26,34,49.60294444094257
