HomeTeam,AwayTeam,Occupancy,xG_home,xG_away,Shots_home,Shots_away,ShotsOnTarget_home,ShotsOnTarget_away,BigChances_home,BigChances_away,Corners_home,Corners_away,TouchesOppBox_home,TouchesOppBox_away,SLS_Fplus
AFC Bournemouth,Nottingham Forest,0.9356666666666666,1.69,0.98,16,18,10,4,3,1,3,9,31,34,53.91189373951166
Aston Villa,West Ham United,0.9728895952136113,0.85,1.31,14,14,4,4,0,4,4,3,26,39,41.39734753847792
Brighton & Hove Albion,Everton,0.9904304718875502,0.73,0.85,16,3,1,1,0,1,9,1,32,7,25.101275883304325
Crystal Palace,Brentford,0.9527538104831046,1.08,1.26,16,12,5,6,1,1,4,7,22,33,44.67297420687123
Fulham,Manchester United,1.0617898832684824,0.67,0.25,9,4,3,1,0,0,3,0,22,10,20.350780201126632
Liverpool,Ipswich Town,0.9860304197401919,1.98,0.48,16,3,6,3,3,2,3,4,43,7,44.75621709080053
Manchester City,Chelsea,0.9581828411710257,2.5,1.8,15,10,6,4,7,3,2,3,26,23,63.51284244034001
Southampton,Newcastle United,0.9526446205145461,0.76,2.93,12,17,5,9,1,6,3,8,15,34,63.659238482286895
Tottenham Hotspur,Leicester City,0.9752585521081941,1.04,1.56,15,12,6,3,2,1,6,4,23,15,43.64304728555271
Wolverhampton Wanderers,Arsenal,0.909860212569316,0.74,1.0,9,9,4,3,1,3,1,5,12,20,26.460085008856385
