HomeTeam,AwayTeam,Occupancy,xG_home,xG_away,Shots_home,Shots_away,ShotsOnTarget_home,ShotsOnTarget_away,BigChances_home,BigChances_away,Corners_home,Corners_away,TouchesOppBox_home,TouchesOppBox_away,SLS_Fplus
AFC Bournemouth,Chelsea,0.93625,1.77,0.77,19,10,7,3,1,1,6,3,28,21,42.12430482811058
Aston Villa,Everton,0.9716041880901187,2.12,0.9,17,6,8,2,6,2,6,2,31,15,52.36134019926071
Brighton & Hove Albion,Ipswich Town,1.3043737449799198,1.66,0.35,21,6,6,1,3,1,9,2,39,8,43.79563871434217
Crystal Palace,Leicester City,0.9549583792618496,2.55,1.23,20,9,4,4,4,3,5,2,41,16,56.0749303596924
Fulham,West Ham United,1.0322178988326849,1.54,0.76,21,11,5,3,4,1,3,2,29,13,42.80979606182744
Liverpool,Nottingham Forest,0.9847901299040407,0.94,0.44,14,5,5,3,1,2,7,2,34,5,31.422143449940158
Manchester City,Brentford,0.9464762146759351,2.17,0.96,18,8,7,5,2,1,12,3,51,20,58.14286666218052
Southampton,Manchester United,0.9527363945057971,1.12,2.67,6,20,4,10,3,5,0,7,18,38,64.20496281797357
Tottenham Hotspur,Arsenal,0.9808273667462212,0.71,0.74,15,7,5,4,0,2,7,6,29,24,36.645912616525315
Wolverhampton Wanderers,Newcastle United,0.8738158502772643,1.23,1.52,12,14,5,6,2,2,4,7,27,23,44.75663125837638
