HomeTeam,AwayTeam,Occupancy,xG_home,xG_away,Shots_home,Shots_away,ShotsOnTarget_home,ShotsOnTarget_away,BigChances_home,BigChances_away,Corners_home,Corners_away,TouchesOppBox_home,TouchesOppBox_away,SLS_Fplus
Aston Villa,Brighton & Hove Albion,0.9678881929512948,1.78,1.13,20,13,4,4,3,2,12,3,48,26,54.44143073815593
Brentford,Arsenal,0.9965217391304347,0.32,1.91,5,14,2,5,0,2,4,3,10,47,39.655070678852184
Crystal Palace,Southampton,0.9551864381010301,2.03,0.94,19,7,10,3,4,1,8,7,25,16,55.43654623803585
Everton,Nottingham Forest,0.970001725455397,0.89,1.48,13,11,2,7,0,5,5,4,28,12,42.42253875878027
Fulham,AFC Bournemouth,1.0622957198443579,1.11,1.98,11,16,6,9,1,3,1,7,21,31,62.96026117854284
Ipswich Town,Chelsea,0.9886839761142819,1.58,2.0,9,20,6,5,2,4,4,7,15,36,60.834259307052776
Leicester City,Manchester City,0.9343340134071699,1.3,1.27,11,14,4,5,3,2,4,4,26,26,43.14491194690698
Manchester United,Newcastle United,0.9684695323571091,0.9,1.92,10,12,1,4,2,4,2,3,17,19,39.33023805690237
Tottenham Hotspur,Wolverhampton Wanderers,0.9750835322195704,2.25,0.72,13,11,3,3,5,1,5,5,31,20,47.44226697999001
West Ham United,Liverpool,1.0412666666666666,0.36,3.15,7,22,0,13,1,9,2,6,17,44,69.11319219751363
