HomeTeam,AwayTeam,Occupancy,xG_home,xG_away,Shots_home,Shots_away,ShotsOnTarget_home,ShotsOnTarget_away,BigChances_home,BigChances_away,Corners_home,Corners_away,TouchesOppBox_home,TouchesOppBox_away,SLS_Fplus
Aston Villa,Manchester City,0.9896466298962326,1.67,1.03,11,12,6,6,4,2,5,4,17,22,51.16126509632124
Brentford,Nottingham Forest,0.9921739130434782,0.72,0.9,7,10,3,6,1,2,9,5,37,16,40.25964078492761
Crystal Palace,Arsenal,0.9565928009426432,1.59,2.87,15,14,6,6,3,5,3,3,18,34,66.92546744178077
Everton,Chelsea,0.9689171534915823,1.03,1.17,5,12,4,5,2,3,2,5,7,23,38.16914510414229
Fulham,Southampton,1.0435408560311283,0.88,0.26,15,5,5,1,2,0,6,5,34,14,32.35808440434995
Ipswich Town,Newcastle United,0.9822836593975784,0.71,2.33,10,15,2,7,1,6,2,1,20,35,49.88899616800099
Leicester City,Wolverhampton Wanderers,0.9273681142524045,0.8,1.11,9,8,5,4,1,2,6,1,17,11,30.923431348612404
Manchester United,AFC Bournemouth,0.9673017372592243,2.28,1.63,23,10,7,5,4,2,13,1,45,14,66.55542852161459
Tottenham Hotspur,Liverpool,0.9775497215592681,1.27,5.63,9,24,5,12,2,11,7,5,29,51,100.0
West Ham United,Brighton & Hove Albion,1.041,1.31,0.94,11,12,4,6,2,4,8,4,27,53,55.84325354820619
