HomeTeam,AwayTeam,Occupancy,xG_home,xG_away,Shots_home,Shots_away,ShotsOnTarget_home,ShotsOnTarget_away,BigChances_home,BigChances_away,Corners_home,Corners_away,TouchesOppBox_home,TouchesOppBox_away,SLS_Fplus
AFC Bournemouth,Newcastle United,0.9300833333333334,2.26,1.69,16,14,4,5,2,4,8,9,27,32,62.26556250197497
Aston Villa,Arsenal,0.9719313826306442,1.28,0.87,11,9,3,4,2,2,4,1,17,35,36.89768555168094
Brighton & Hove Albion,Manchester United,0.9894892068273092,2.09,1.43,14,11,5,4,2,2,4,4,33,28,56.2017914651787
Crystal Palace,West Ham United,0.9540081340985974,1.35,1.39,14,18,2,3,2,1,3,3,23,21,37.1616911711933
Fulham,Leicester City,0.9883657587548638,1.78,0.61,18,10,6,4,3,1,7,5,31,10,46.15743782034248
Liverpool,Brentford,0.9809223839676219,2.65,0.55,19,8,8,2,4,2,9,4,42,10,56.805179974430644
Manchester City,Ipswich Town,0.9646078733869358,3.34,0.29,14,1,5,1,5,1,10,1,49,6,53.95501241775945
Southampton,Nottingham Forest,0.9529199424882988,0.14,2.45,5,23,1,8,0,6,4,10,21,33,48.90971302443919
Tottenham Hotspur,Everton,0.9762450278440732,2.43,1.0,13,10,7,1,6,0,12,5,33,24,59.022139227560885
Wolverhampton Wanderers,Chelsea,0.9021199168207024,1.96,1.68,12,14,4,8,5,5,5,5,25,21,58.4981170252683
