HomeTeam,AwayTeam,Occupancy,xG_home,xG_away,Shots_home,Shots_away,ShotsOnTarget_home,ShotsOnTarget_away,BigChances_home,BigChances_away,Corners_home,Corners_away,TouchesOppBox_home,TouchesOppBox_away,SLS_Fplus
Arsenal,Brighton & Hove Albion,0.9990560257025984,2.14,1.76,11,22,7,4,5,3,3,7,31,33,67.39086182424528
Brentford,Southampton,0.9828985507246377,2.78,1.57,20,18,7,6,6,2,2,8,42,31,74.34137042284114
Chelsea,Crystal Palace,0.9392222939222294,2.37,0.54,13,9,7,3,5,0,4,4,20,22,46.335783517486874
Everton,AFC Bournemouth,0.9565185239961547,1.99,2.37,18,17,8,7,5,5,8,4,37,28,76.55408423812347
Ipswich Town,Fulham,0.9738048893141104,0.45,0.95,11,9,4,4,1,2,8,6,13,19,32.53678148310259
Leicester City,Aston Villa,0.9246575342465754,0.45,1.55,9,10,3,5,1,4,1,4,16,22,32.218442086986634
Manchester United,Liverpool,0.9675379205374481,1.36,1.79,8,11,3,3,3,6,5,2,31,30,50.70073058624149
Newcastle United,Tottenham Hotspur,0.9896319041661928,1.83,1.26,9,20,3,6,2,2,7,12,14,50,58.74202795657267
Nottingham Forest,Wolverhampton Wanderers,0.9784798534798534,1.04,0.74,16,11,5,3,1,2,7,3,37,13,36.89538394182401
West Ham United,Manchester City,1.04115,0.73,3.0,10,23,2,8,1,5,3,11,24,58,70.84039764038894
