HomeTeam,AwayTeam,Occupancy,xG_home,xG_away,Shots_home,Shots_away,ShotsOnTarget_home,ShotsOnTarget_away,BigChances_home,BigChances_away,Corners_home,Corners_away,TouchesOppBox_home,TouchesOppBox_away,SLS_Fplus
AFC Bournemouth,Manchester City,0.9359166666666666,2.04,1.56,12,18,6,4,6,3,3,10,23,47,62.428525517036135
Fulham,Brentford,0.9700778210116732,1.35,0.59,26,5,12,2,1,1,11,3,49,9,48.062683053453995
Ipswich Town,Leicester City,0.9855827917257761,1.0,1.55,14,20,2,6,2,4,4,6,26,40,49.11178740632134
Liverpool,Brighton & Hove Albion,0.9845779750636464,1.65,1.01,16,13,8,5,4,1,9,7,31,24,57.24791488314959
Manchester United,Chelsea,0.9685220175300477,1.98,1.11,11,12,4,3,4,1,4,8,22,30,49.87310794765784
Newcastle United,Arsenal,0.990352174077865,0.52,1.05,9,10,4,1,1,1,4,6,17,31,30.918479139778675
Nottingham Forest,West Ham United,0.9848246991104134,2.17,0.13,19,4,6,2,3,0,10,6,32,9,44.00709340802185
Southampton,Everton,0.9527058031753801,0.74,1.56,9,16,2,5,1,3,3,6,22,27,38.714833061308454
Tottenham Hotspur,Aston Villa,0.9745902943516309,2.44,1.86,16,12,6,1,3,4,6,4,22,15,59.49362209603677
Wolverhampton Wanderers,Crystal Palace,0.8521545748613678,1.53,2.51,11,19,6,7,4,4,3,6,20,28,60.70534231839518
