HomeTeam,AwayTeam,Occupancy,xG_home,xG_away,Shots_home,Shots_away,ShotsOnTarget_home,ShotsOnTarget_away,BigChances_home,BigChances_away,Corners_home,Corners_away,TouchesOppBox_home,TouchesOppBox_away,SLS_Fplus
AFC Bournemouth,Liverpool,0.9365833333333333,1.58,2.52,14,19,3,7,3,4,3,3,29,34,60.67807307935437
Arsenal,Manchester City,0.9995362933275922,1.0,0.81,12,7,7,4,2,1,5,2,17,15,37.99673379397448
Brentford,Tottenham Hotspur,0.9944347826086957,2.06,0.86,20,13,4,2,2,2,10,3,49,21,51.336661358209746
Chelsea,West Ham United,0.9430701943070194,1.67,1.22,22,14,3,5,2,1,4,3,34,24,44.28474397691536
Everton,Leicester City,0.9705933101629323,2.46,0.33,13,9,7,1,7,0,5,6,33,17,49.158415979715244
Ipswich Town,Southampton,0.9865065487776715,1.84,0.91,15,9,6,4,2,1,1,2,28,16,44.12569751798048
Manchester United,Crystal Palace,0.9677084973494988,1.12,2.6,17,11,2,3,1,4,11,0,57,22,56.64048609951708
Newcastle United,Fulham,0.9889116342545207,0.75,1.56,11,15,4,4,3,2,3,7,32,30,45.77876723156826
Nottingham Forest,Brighton & Hove Albion,0.9865253793825223,3.41,0.88,14,10,9,5,6,1,4,6,29,31,72.57440356148638
Wolverhampton Wanderers,Aston Villa,0.9064521719038817,1.63,0.45,8,10,5,3,4,1,5,8,10,18,34.583286669923545
