HomeTeam,AwayTeam,Occupancy,xG_home,xG_away,Shots_home,Shots_away,ShotsOnTarget_home,ShotsOnTarget_away,BigChances_home,BigChances_away,Corners_home,Corners_away,TouchesOppBox_home,TouchesOppBox_away,SLS_Fplus
Aston Villa,Newcastle United,0.9951896133009528,2.26,1.0,23,10,9,3,5,2,7,7,32,36,64.5777263842589
Brentford,Brighton & Hove Albion,0.9903188405797101,2.17,1.43,16,12,8,3,6,2,4,7,36,32,65.20699977536668
Crystal Palace,AFC Bournemouth,0.9572769774601847,0.37,0.72,5,15,0,4,0,1,5,4,16,30,21.42762762109927
Everton,Manchester City,0.9695087381991175,0.91,2.04,8,12,3,7,1,3,2,5,21,25,48.0574106366336
Fulham,Chelsea,1.0782879377431906,0.25,0.9,6,13,1,8,0,1,5,4,16,31,35.107988353715115
Ipswich Town,Arsenal,0.9748606116591336,0.17,2.55,4,24,0,7,0,3,0,12,5,70,48.92337559928755
Leicester City,Liverpool,0.8860973477120373,0.27,2.57,5,28,0,10,0,10,1,13,13,48,52.096147719829176
Manchester United,Wolverhampton Wanderers,0.9686007452894557,1.32,0.25,12,4,2,2,1,0,9,2,26,8,25.859737016524928
Tottenham Hotspur,Nottingham Forest,0.943739061256961,2.14,0.48,22,4,6,3,4,1,7,1,43,4,43.473319907923056
West Ham United,Southampton,1.0410166666666667,0.91,0.64,12,15,4,4,0,1,2,5,24,25,35.70464325267581
