HomeTeam,AwayTeam,Occupancy,xG_home,xG_away,Shots_home,Shots_away,ShotsOnTarget_home,ShotsOnTarget_away,BigChances_home,BigChances_away,Corners_home,Corners_away,TouchesOppBox_home,TouchesOppBox_away,SLS_Fplus
Arsenal,Southampton,0.9987413676034645,2.83,0.65,29,8,6,2,4,2,13,1,65,8,61.790889435076025
Aston Villa,Manchester United,0.9975226699074506,0.5,0.56,11,10,1,4,0,0,6,3,25,11,22.854082761369195
Brentford,Wolverhampton Wanderers,0.9831884057971014,4.25,1.05,19,17,12,6,8,1,10,3,46,31,92.40845038027425
Brighton & Hove Albion,Tottenham Hotspur,0.9879204317269076,1.76,1.34,11,13,4,3,4,1,4,7,27,32,51.788558308774014
Chelsea,Nottingham Forest,0.9440739944073995,2.46,0.87,22,16,8,9,3,4,11,3,51,22,68.87903641743534
Crystal Palace,Liverpool,0.9572769774601847,0.64,1.39,9,16,5,4,2,4,3,8,9,28,39.82656703660061
Everton,Newcastle United,0.9678572308905815,0.67,2.05,8,14,2,3,2,1,0,10,13,42,41.775627607616414
Leicester City,AFC Bournemouth,0.9241037598367823,0.79,2.16,6,19,2,2,2,5,0,9,13,34,40.886903898131514
Manchester City,Fulham,0.9568397553405812,1.57,2.6,20,11,7,4,1,5,8,3,39,26,66.24635723246789
West Ham United,Ipswich Town,1.0411166666666667,3.79,0.65,23,9,13,2,9,2,5,5,27,16,79.2661176797504
