HomeTeam,AwayTeam,Occupancy,xG_home,xG_away,Shots_home,Shots_away,ShotsOnTarget_home,ShotsOnTarget_away,BigChances_home,BigChances_away,Corners_home,Corners_away,TouchesOppBox_home,TouchesOppBox_away,SLS_Fplus
Brentford,Leicester City,0.9903768115942029,2.4,1.06,13,7,6,3,4,1,5,4,30,15,54.561027842627425
Brighton & Hove Albion,Southampton,0.9896460843373494,1.68,1.01,22,10,5,2,3,1,7,6,44,21,49.40691903097537
Chelsea,Aston Villa,0.9485671948567195,1.69,1.23,17,10,8,4,2,2,3,4,32,19,49.66971432078196
Crystal Palace,Newcastle United,0.9540841537116576,1.76,0.04,16,1,4,0,5,0,8,9,24,12,33.558132613484084
Liverpool,Manchester City,0.9832234480057445,3.57,0.84,18,8,7,2,5,1,7,4,30,30,66.92765332101627
Manchester United,Everton,0.9685745027029864,1.07,0.58,11,8,5,2,3,1,2,2,22,13,28.94175964491655
Nottingham Forest,Ipswich Town,0.9889128728414442,1.68,0.59,12,7,5,3,2,0,8,7,26,19,43.32578169372055
Tottenham Hotspur,Fulham,0.9728082736674623,0.78,1.58,8,14,3,6,2,3,7,11,16,36,49.27555357786386
West Ham United,Arsenal,1.04125,1.54,3.6,12,16,5,7,2,5,2,10,17,32,80.93976949265593
Wolverhampton Wanderers,AFC Bournemouth,0.770708179297597,0.46,3.29,10,12,3,8,2,4,3,4,18,20,51.40432303807186
