HomeTeam,AwayTeam,Occupancy,xG_home,xG_away,Shots_home,Shots_away,ShotsOnTarget_home,ShotsOnTarget_away,BigChances_home,BigChances_away,Corners_home,Corners_away,TouchesOppBox_home,TouchesOppBox_away,SLS_Fplus
AFC Bournemouth,Tottenham Hotspur,0.9361666666666667,3.71,0.87,21,12,8,4,7,1,5,9,28,25,71.18595527566472
Arsenal,Manchester United,0.9978967590215789,2.16,0.22,14,5,6,2,5,0,13,0,36,6,45.616923594883474
Aston Villa,Brentford,0.8855286528933346,2.43,1.0,20,9,10,1,4,1,10,5,41,25,56.372327269986855
Everton,Wolverhampton Wanderers,0.9568882644383643,1.02,0.78,13,6,4,2,2,2,3,4,16,15,29.299503104892672
Fulham,Brighton & Hove Albion,1.0259922178988328,0.65,1.47,6,13,2,3,1,3,5,6,19,21,39.176350257527965
Ipswich Town,Crystal Palace,0.974332750486622,0.49,1.64,9,13,2,3,1,3,4,7,13,22,35.034533119743706
Leicester City,West Ham United,0.9019819294666278,1.67,3.1,8,31,6,10,7,5,3,9,20,57,81.23661083311505
Manchester City,Nottingham Forest,0.9395066882044394,2.41,1.04,17,12,7,3,4,1,8,2,42,14,54.54229900091585
Newcastle United,Liverpool,0.9901247204215474,2.09,1.99,17,16,6,5,4,4,5,6,21,35,67.77051936818796
Southampton,Chelsea,0.9542353696962281,1.56,5.43,6,26,4,13,4,12,5,7,20,51,100.0
