HomeTeam,AwayTeam,Occupancy,xG_home,xG_away,Shots_home,Shots_away,ShotsOnTarget_home,ShotsOnTarget_away,BigChances_home,BigChances_away,Corners_home,Corners_away,TouchesOppBox_home,TouchesOppBox_away,SLS_Fplus
AFC Bournemouth,Southampton,0.9369166666666666,1.37,0.6,14,9,6,3,1,1,6,4,27,16,35.3022786286234
Arsenal,Leicester City,0.9990063428448405,4.6,0.32,35,5,16,3,9,0,17,0,77,11,95.11576897611901
Brentford,West Ham United,0.9884057971014493,0.37,0.99,8,19,3,3,1,1,7,6,22,39,33.750581080288896
Chelsea,Brighton & Hove Albion,0.9439305943930595,4.16,1.11,15,15,7,5,7,3,8,2,27,28,77.6444857999622
Everton,Crystal Palace,0.9601912790554364,0.89,0.95,8,17,2,5,1,1,5,8,16,31,35.39247657123397
Ipswich Town,Aston Villa,0.9878591930322326,1.18,0.82,15,7,5,3,4,2,10,0,22,18,40.2500712474019
Manchester United,Tottenham Hotspur,0.9655566052590143,0.96,4.59,11,24,2,10,0,9,5,3,25,45,82.11785170845874
Newcastle United,Manchester City,0.9903332196065052,1.57,0.91,11,16,4,6,2,1,5,6,25,40,49.48555346801628
Nottingham Forest,Fulham,0.985707744636316,0.8,1.33,11,14,1,2,0,1,6,5,33,24,34.391992457274895
Wolverhampton Wanderers,Liverpool,0.9072608595194085,0.63,2.54,8,10,3,6,1,3,2,10,18,38,48.890360011410635
