HomeTeam,AwayTeam,Occupancy,xG_home,xG_away,Shots_home,Shots_away,ShotsOnTarget_home,ShotsOnTarget_away,BigChances_home,BigChances_away,Corners_home,Corners_away,TouchesOppBox_home,TouchesOppBox_away,SLS_Fplus
Arsenal,AFC Bournemouth,0.995478859944024,1.42,0.97,13,9,4,2,4,3,2,3,32,10,40.121835205995396
Aston Villa,Fulham,0.9927844199514291,0.96,0.85,10,11,3,3,5,1,5,3,16,24,35.20974217384412
Brentford,Manchester United,0.9965217391304347,2.8,1.56,12,14,6,5,6,1,7,3,27,23,68.56521949854118
Chelsea,Liverpool,0.9519131951913196,3.13,1.05,17,11,7,2,5,3,3,6,37,34,64.78184839838235
Crystal Palace,Nottingham Forest,0.9538941046790071,2.32,0.73,20,12,3,4,4,0,7,4,44,16,48.452481771275345
Everton,Ipswich Town,0.9688432054031403,0.55,0.85,8,12,3,5,2,1,2,3,23,19,28.802421817768995
Leicester City,Southampton,0.9105217137860682,1.4,0.53,14,8,4,2,1,1,6,7,21,20,30.700177688327113
Manchester City,Wolverhampton Wanderers,0.967058097537071,0.71,0.4,9,6,2,1,1,2,4,5,40,15,23.86150257638642
West Ham United,Tottenham Hotspur,1.0411333333333332,0.84,0.77,11,7,2,2,2,1,1,3,20,11,28.298140605543473
Brighton & Hove Albion,Newcastle United,0.9908383534136547,0.69,1.87,5,13,2,5,1,1,1,4,18,32,40.140535324916556
