HomeTeam,AwayTeam,Occupancy,xG_home,xG_away,Shots_home,Shots_away,ShotsOnTarget_home,ShotsOnTarget_away,BigChances_home,BigChances_away,Corners_home,Corners_away,TouchesOppBox_home,TouchesOppBox_away,SLS_Fplus
AFC Bournemouth,Wolverhampton Wanderers,0.9338333333333333,0.62,2.0,8,13,3,5,1,3,6,7,24,16,42.46746778109384
Arsenal,West Ham United,0.9979961247370949,1.22,1.07,20,5,2,2,1,1,2,0,42,11,33.159829261146015
Aston Villa,Chelsea,0.9906360919110779,2.33,2.3,12,15,6,7,3,3,2,3,35,26,71.37840511385915
Everton,Manchester United,0.9684734649609308,1.91,0.41,9,9,8,3,4,1,7,8,23,20,48.13467393940179
Fulham,Crystal Palace,1.0419066147859921,0.2,1.29,10,10,0,5,0,2,7,7,22,16,34.31228946720562
Ipswich Town,Tottenham Hotspur,0.9898386724291511,1.15,1.71,17,10,5,6,3,1,4,4,26,21,50.56312743510439
Leicester City,Brentford,0.9057709122704751,0.51,1.52,8,14,3,6,1,3,5,6,22,35,37.92948291808379
Manchester City,Liverpool,0.9583643392562209,0.65,0.71,16,8,5,4,0,1,7,5,40,27,35.15487638119752
Newcastle United,Nottingham Forest,0.9898593578225103,2.91,1.79,13,17,5,5,4,4,7,6,35,27,74.1883251096713
Southampton,Brighton & Hove Albion,0.9414481935819389,0.13,3.97,6,18,1,12,0,10,5,6,5,39,66.87217301286661
