HomeTeam,AwayTeam,Occupancy,xG_home,xG_away,Shots_home,Shots_away,ShotsOnTarget_home,ShotsOnTarget_away,BigChances_home,BigChances_away,Corners_home,Corners_away,TouchesOppBox_home,TouchesOppBox_away,SLS_Fplus
AFC Bournemouth,Ipswich Town,0.9326666666666666,1.87,1.17,24,10,7,2,2,3,8,3,28,16,47.769719162629556
Arsenal,Fulham,0.9978967590215789,2.38,0.99,17,9,4,3,2,2,5,4,38,15,52.184605700191945
Brighton & Hove Albion,Aston Villa,0.9798569277108434,0.9,1.25,11,8,4,5,0,2,4,0,27,18,36.86096084630915
Nottingham Forest,Manchester United,0.9893053375196232,0.48,1.63,8,23,2,6,0,3,3,10,17,41,43.51450439544748
Wolverhampton Wanderers,West Ham United,0.8819604898336414,1.18,1.34,9,10,2,1,2,4,1,2,16,18,27.183705293082397
Chelsea,Tottenham Hotspur,0.9524628952462896,1.1,0.87,11,8,5,2,4,2,4,6,34,25,39.22793773638804
Manchester City,Leicester City,0.9434814962702144,2.24,0.07,18,2,5,0,2,0,5,0,46,4,32.13115940467225
Newcastle United,Brentford,0.986030554607832,1.29,1.6,21,12,4,3,2,2,4,5,34,37,49.725811202186634
Southampton,Crystal Palace,0.8983450090244425,0.67,0.74,8,9,2,3,1,1,2,2,21,21,19.068362845424755
Liverpool,Everton,0.9845779750636464,1.47,0.67,17,5,3,0,1,2,11,5,34,17,37.716109497004176
