HomeTeam,AwayTeam,Occupancy,xG_home,xG_away,Shots_home,Shots_away,ShotsOnTarget_home,ShotsOnTarget_away,BigChances_home,BigChances_away,Corners_home,Corners_away,TouchesOppBox_home,TouchesOppBox_away,SLS_Fplus
Aston Villa,Southampton,0.9921707020659998,2.29,0.33,18,4,5,0,5,0,14,1,40,23,47.93460670577865
Brentford,Newcastle United,0.9900289855072464,1.23,1.48,11,16,8,3,3,3,3,4,26,40,53.035777278112505
Crystal Palace,Manchester City,0.9556425557793911,1.34,1.45,12,12,3,4,1,3,6,8,15,34,46.14739442156906
Everton,Liverpool,0.968226971332791,0.95,0.62,10,6,3,4,1,2,2,3,15,18,27.68299112562108
Fulham,Arsenal,1.048793774319066,0.16,2.03,2,12,2,4,0,4,0,6,3,36,39.72795044523948
Ipswich Town,AFC Bournemouth,0.9626868133680841,1.32,3.28,18,22,5,6,1,5,6,13,30,41,75.88073325963659
Leicester City,Brighton & Hove Albion,0.922384144564267,1.31,1.54,10,16,3,7,3,0,4,5,18,24,43.71434137985321
Manchester United,Nottingham Forest,0.9680627722668346,1.6,0.83,17,11,7,3,2,0,5,3,31,16,42.39960431375537
Tottenham Hotspur,Chelsea,0.9734924423229913,2.9,2.83,13,17,5,8,6,3,5,10,26,47,89.85865856456459
West Ham United,Wolverhampton Wanderers,1.0405833333333334,0.97,1.47,19,19,4,5,1,2,11,0,39,24,50.92354490348334
