HomeTeam,AwayTeam,Occupancy,xG_home,xG_away,Shots_home,Shots_away,ShotsOnTarget_home,ShotsOnTarget_away,BigChances_home,BigChances_away,Corners_home,Corners_away,TouchesOppBox_home,TouchesOppBox_away,SLS_Fplus
AFC Bournemouth,Everton,0.93525,1.84,0.71,19,9,8,0,5,1,9,3,35,16,44.53687191381515
Aston Villa,Leicester City,0.9906048424791998,1.56,0.41,13,4,5,2,3,3,6,2,25,9,36.88324861143117
Brighton & Hove Albion,Arsenal,0.9950426706827309,1.52,0.88,11,9,4,3,3,5,2,5,17,23,42.983409114130716
Crystal Palace,Chelsea,0.9570489186210043,1.08,1.24,13,15,6,1,2,2,6,6,20,32,41.289834938662864
Fulham,Ipswich Town,1.052217898832685,2.24,1.59,15,7,4,3,4,3,9,2,32,14,62.3145672280735
Liverpool,Manchester United,0.9836640772896403,2.82,1.05,19,13,6,4,4,3,6,9,33,31,66.8085497453076
Manchester City,West Ham United,0.9571664518939326,1.91,1.37,10,17,7,4,3,3,7,1,28,23,54.32033208010076
Southampton,Brentford,0.9483618342561718,0.29,4.46,8,20,1,11,0,11,2,2,19,37,70.7800233691703
Tottenham Hotspur,Newcastle United,0.9752267303102625,0.94,2.53,13,14,4,4,1,4,9,10,25,28,59.062298394015244
Wolverhampton Wanderers,Nottingham Forest,0.8647181146025879,1.59,2.13,13,11,6,3,2,4,5,3,35,23,52.19424160019798
