HomeTeam,AwayTeam,Occupancy,xG_home,xG_away,Shots_home,Shots_away,ShotsOnTarget_home,ShotsOnTarget_away,BigChances_home,BigChances_away,Corners_home,Corners_away,TouchesOppBox_home,TouchesOppBox_away,SLS_Fplus
AFC Bournemouth,West Ham United,0.9336666666666666,2.01,2.06,29,16,9,3,2,1,12,6,40,24,66.48643033334962
Arsenal,Everton,0.9965718828146996,1.22,0.09,13,2,5,0,1,0,8,2,49,8,29.578745166572805
Brighton & Hove Albion,Crystal Palace,0.9692833835341366,1.0,2.31,17,13,5,5,1,5,8,5,34,23,57.79557295391447
Chelsea,Brentford,0.9500489950048995,2.23,1.61,26,9,8,4,4,4,8,5,51,17,67.06538792229442
Liverpool,Fulham,0.984610614269861,2.13,1.22,16,12,4,3,3,1,5,4,35,17,50.95576836693387
Manchester City,Manchester United,0.958092092128428,0.95,2.08,10,10,3,3,0,3,8,2,18,22,42.94393787703304
Newcastle United,Leicester City,0.9900868114788278,3.79,0.19,27,4,11,1,5,0,5,2,54,10,64.91689437536778
Nottingham Forest,Aston Villa,0.9849882260596546,1.78,0.42,17,8,6,2,3,0,4,3,27,33,41.07164813019491
Southampton,Tottenham Hotspur,0.9510844626632812,0.84,2.44,9,18,3,9,3,6,2,5,16,28,55.79272936977977
Wolverhampton Wanderers,Ipswich Town,0.8914625693160814,1.27,1.2,16,10,6,5,1,2,7,3,26,32,42.40170265730966
