HomeTeam,AwayTeam,Occupancy,xG_home,xG_away,Shots_home,Shots_away,ShotsOnTarget_home,ShotsOnTarget_away,BigChances_home,BigChances_away,Corners_home,Corners_away,TouchesOppBox_home,TouchesOppBox_away,SLS_Fplus
AFC Bournemouth,Aston Villa,0.9373333333333334,0.8,0.98,10,6,4,3,2,2,10,0,27,15,32.387762687478684
Fulham,Everton,1.0759922178988326,0.79,1.12,18,11,6,7,1,3,5,5,34,21,51.14707733103716
Ipswich Town,Brentford,0.9736069413744185,0.93,1.41,11,15,4,5,1,1,5,6,14,27,41.406701130877586
Liverpool,Arsenal,0.9844637378418957,2.39,2.58,14,15,5,7,4,4,3,1,36,36,75.43583246607757
Manchester United,West Ham United,0.9684039258909358,2.23,1.76,20,9,5,4,4,4,8,5,35,19,63.742229245959045
Newcastle United,Chelsea,0.9900109935933887,1.57,0.69,15,10,6,3,2,1,2,8,38,23,45.02064305280747
Nottingham Forest,Leicester City,0.9891745159602302,1.3,1.05,15,10,4,6,4,4,4,4,18,21,46.323295709478614
Southampton,Manchester City,0.9464039891094864,0.1,1.82,2,26,0,5,0,0,1,15,7,76,38.314192517998755
Tottenham Hotspur,Crystal Palace,0.958695306284805,0.73,3.36,8,23,1,10,1,9,4,8,16,34,66.86938860030396
Wolverhampton Wanderers,Brighton & Hove Albion,0.9033907116451017,0.91,1.57,10,7,3,2,1,2,7,4,25,15,33.50035086532634
