HomeTeam,AwayTeam,Occupancy,xG_home,xG_away,Shots_home,Shots_away,ShotsOnTarget_home,ShotsOnTarget_away,BigChances_home,BigChances_away,Corners_home,Corners_away,TouchesOppBox_home,TouchesOppBox_away,SLS_Fplus
Aston Villa,Wolverhampton Wanderers,0.9343273815088342,1.73,0.51,9,10,4,4,5,0,6,5,31,19,40.18573793884936
Brighton & Hove Albion,Nottingham Forest,0.9865712851405622,1.0,1.42,14,4,3,3,2,2,9,1,31,14,40.76314409626844
Crystal Palace,Manchester United,0.9567828499752936,1.01,1.7,9,15,4,6,3,5,4,11,16,33,52.808424396988144
Fulham,Newcastle United,1.0,2.29,1.54,22,16,11,5,5,1,6,0,38,21,68.70375789565477
Leicester City,Everton,0.9258233751092976,0.66,1.1,12,17,2,5,2,3,6,1,29,25,32.36218053960191
Liverpool,AFC Bournemouth,0.9848390887133625,2.06,1.08,19,19,13,6,4,2,3,9,33,32,69.34794836301778
Manchester City,Arsenal,0.9591447810225602,2.18,0.67,33,5,11,3,5,3,8,2,55,8,58.715363811174946
Southampton,Ipswich Town,0.9519104285845391,2.49,1.69,11,13,3,6,4,2,2,10,23,24,61.276831502985566
Tottenham Hotspur,Brentford,0.9744789180588703,3.52,0.8,23,6,10,6,7,2,9,4,61,18,80.59899307971384
West Ham United,Chelsea,1.0412166666666667,0.85,2.19,15,12,7,5,0,5,6,5,36,32,62.521993374253036
