HomeTeam,AwayTeam,Occupancy,xG_home,xG_away,Shots_home,Shots_away,ShotsOnTarget_home,ShotsOnTarget_away,BigChances_home,BigChances_away,Corners_home,Corners_away,TouchesOppBox_home,TouchesOppBox_away,SLS_Fplus
Arsenal,Tottenham Hotspur,0.9984101485517447,1.45,0.78,14,10,4,2,4,1,10,4,48,21,46.40724542438781
Brentford,Manchester City,0.9882898550724638,2.58,2.2,18,21,6,8,4,5,4,5,41,45,82.09602029050157
Everton,Aston Villa,0.9634203455840666,1.14,1.21,10,11,3,3,3,4,8,5,15,20,40.9117288941857
Ipswich Town,Brighton & Hove Albion,0.970043878459965,0.28,0.97,5,11,3,5,0,0,1,9,8,25,26.64025435082076
Leicester City,Crystal Palace,0.8675604779947537,1.7,1.82,21,9,4,4,3,4,4,3,29,20,47.91532001819788
Nottingham Forest,Liverpool,0.9893053375196232,0.31,1.99,6,23,3,7,1,4,0,9,17,52,48.765904985240574
West Ham United,Fulham,1.0409333333333333,0.95,1.9,4,21,3,5,2,3,0,3,6,27,45.97745222706283
Chelsea,AFC Bournemouth,0.9342988934298894,2.5,1.18,26,7,10,3,5,1,9,3,33,21,61.635254453245466
Newcastle United,Wolverhampton Wanderers,0.9851586489252815,2.11,1.62,17,13,5,7,3,5,4,2,34,24,63.0580450124215
Manchester United,Southampton,0.9673279798456936,3.42,1.54,23,13,9,5,6,1,4,4,49,18,77.40843427763295
