HomeTeam,AwayTeam,Occupancy,xG_home,xG_away,Shots_home,Shots_away,ShotsOnTarget_home,ShotsOnTarget_away,BigChances_home,BigChances_away,Corners_home,Corners_away,TouchesOppBox_home,TouchesOppBox_away,SLS_Fplus
Aston Villa,Nottingham Forest,0.9981085372688212,3.03,1.48,17,19,8,3,4,0,4,4,29,23,67.02941221567737
Brentford,Chelsea,0.9961159420289855,1.18,1.23,9,21,2,5,3,3,3,6,25,31,45.19564142285643
Crystal Palace,Brighton & Hove Albion,0.9336728876050021,0.6,1.0,8,11,3,5,0,2,2,4,12,21,26.70686269203769
Everton,Arsenal,0.969114348394094,1.09,1.79,5,14,2,5,2,1,3,8,19,43,47.47617743663703
Fulham,Liverpool,1.080544747081712,0.74,1.5,12,14,6,6,3,3,4,4,22,29,52.692399255021215
Ipswich Town,Wolverhampton Wanderers,0.9748606116591336,0.8,2.71,6,22,2,7,1,4,4,8,16,40,57.297174743025565
Leicester City,Newcastle United,0.8861264937336054,0.48,3.25,7,16,2,5,0,4,12,2,16,22,48.50104898090913
Manchester United,Manchester City,0.9675379205374481,0.91,0.49,13,9,2,5,0,1,5,3,29,15,27.909078605966435
Tottenham Hotspur,Southampton,0.970310262529833,2.12,1.04,13,12,8,4,4,3,4,1,24,25,54.16415702360276
West Ham United,AFC Bournemouth,1.0409833333333334,0.69,2.12,9,11,3,4,1,2,4,7,16,21,47.849692971960444
