HomeTeam,AwayTeam,Occupancy,xG_home,xG_away,Shots_home,Shots_away,ShotsOnTarget_home,ShotsOnTarget_away,BigChances_home,BigChances_away,Corners_home,Corners_away,TouchesOppBox_home,TouchesOppBox_away,SLS_Fplus
Brentford,Everton,0.9902608695652174,1.48,1.37,12,14,3,4,2,3,2,5,31,17,45.78364276116525
Brighton & Hove Albion,AFC Bournemouth,0.9769703815261044,2.42,1.46,11,19,4,5,5,2,1,9,25,42,62.9052879992633
Nottingham Forest,Arsenal,0.9877027734170591,0.4,0.99,6,13,2,1,1,2,3,11,16,30,29.183336267299342
Tottenham Hotspur,Manchester City,0.9677008750994431,1.33,2.12,11,12,6,5,2,4,8,3,27,29,58.993456341206766
West Ham United,Leicester City,1.0409166666666667,1.33,0.37,8,10,2,2,4,0,3,3,19,10,30.64279097657745
Wolverhampton Wanderers,Fulham,0.8291358595194085,1.31,1.69,18,11,5,5,0,4,7,4,22,14,43.650496696809626
Crystal Palace,Aston Villa,0.9392983389714546,4.31,0.38,19,6,6,2,6,2,3,8,29,20,65.08966498627592
Chelsea,Southampton,0.9436915943691594,2.56,0.72,19,7,10,2,6,2,4,2,39,12,55.072948237479366
Liverpool,Newcastle United,0.9852797179972583,1.7,0.23,12,3,3,0,2,1,4,2,30,16,29.599320282764438
Manchester United,Ipswich Town,0.968705715635333,0.72,1.43,10,12,6,3,2,1,5,6,23,19,40.22885778122924
