HomeTeam,AwayTeam,Occupancy,xG_home,xG_away,Shots_home,Shots_away,ShotsOnTarget_home,ShotsOnTarget_away,BigChances_home,BigChances_away,Corners_home,Corners_away,TouchesOppBox_home,TouchesOppBox_away,SLS_Fplus
Arsenal,Newcastle United,0.9963069075733236,0.64,1.86,12,14,4,5,1,3,10,7,32,32,52.67926114444351
Aston Villa,Tottenham Hotspur,0.9863394358303755,1.39,0.51,18,3,7,1,3,1,9,1,40,8,38.963417809180925
Brentford,Fulham,0.9933913043478261,2.87,0.99,11,16,6,7,4,2,5,3,36,19,65.22139601768167
Brighton & Hove Albion,Liverpool,0.9918109939759037,2.2,2.23,25,18,12,5,2,3,3,3,60,45,81.20031346817302
Chelsea,Manchester United,0.9523911952391195,0.82,0.29,11,4,3,1,3,0,7,2,16,14,20.329336193111537
Crystal Palace,Wolverhampton Wanderers,0.9413508685240792,1.66,1.41,14,12,10,3,2,2,0,9,19,21,51.24511699702886
Everton,Southampton,0.9662796716704873,2.73,1.21,13,6,5,2,4,2,4,5,33,17,56.32221733656444
Leicester City,Ipswich Town,0.9322646458758379,0.8,1.41,9,20,3,2,0,1,2,2,11,31,27.948693322710024
Manchester City,AFC Bournemouth,0.9526289997640525,1.54,1.12,12,8,5,2,3,2,3,1,21,17,38.34363423850904
West Ham United,Nottingham Forest,1.0411,1.13,1.96,16,10,5,5,0,4,8,7,31,29,60.666930806491806
