HomeTeam,AwayTeam,Occupancy,xG_home,xG_away,Shots_home,Shots_away,ShotsOnTarget_home,ShotsOnTarget_away,BigChances_home,BigChances_away,Corners_home,Corners_away,TouchesOppBox_home,TouchesOppBox_away,SLS_Fplus
Brentford,Aston Villa,0.9954202898550725,0.83,1.33,13,12,3,4,0,2,6,5,37,19,40.97528342917164
Brighton & Hove Albion,Fulham,0.9909638554216867,1.54,0.9,9,6,4,1,3,1,3,7,33,13,40.12828629857445
Chelsea,Leicester City,0.9500250950025095,1.78,0.1,20,3,7,3,1,0,12,2,54,4,40.356691231038624
Crystal Palace,Ipswich Town,0.9561366832642821,3.26,1.48,19,15,4,8,5,4,5,4,25,16,70.17308592289774
Liverpool,Southampton,0.9856877080749397,4.12,0.36,28,6,7,4,8,1,6,4,59,8,73.01822398705738
Manchester United,Arsenal,0.9685088962368131,1.52,1.62,10,17,6,6,2,2,2,9,17,34,55.21874082169424
Nottingham Forest,Manchester City,0.9894034536891679,0.73,0.86,9,14,4,3,0,0,3,2,18,24,28.43222905663293
Tottenham Hotspur,AFC Bournemouth,0.9733969769291965,1.53,2.2,12,17,4,8,1,5,3,6,29,27,62.11820068943102
West Ham United,Newcastle United,1.04105,0.72,1.4,9,9,2,3,1,3,3,4,20,30,39.52384506750992
Wolverhampton Wanderers,Everton,0.8877657116451017,0.77,1.41,11,12,3,4,1,2,5,5,19,18,31.223664075846823
