HomeTeam,AwayTeam,Occupancy,xG_home,xG_away,Shots_home,Shots_away,ShotsOnTarget_home,ShotsOnTarget_away,BigChances_home,BigChances_away,Corners_home,Corners_away,TouchesOppBox_home,TouchesOppBox_away,SLS_Fplus
AFC Bournemouth,Brighton & Hove Albion,0.933,1.63,0.94,19,6,5,4,4,2,7,0,39,14,43.403731775112576
Arsenal,Nottingham Forest,0.9985923190301906,1.19,0.33,19,7,7,0,1,0,8,1,48,14,34.38990229645614
Aston Villa,Crystal Palace,0.9856735533327101,3.11,1.26,17,13,5,6,4,4,10,1,48,17,71.50643614874318
Everton,Brentford,0.9592299539056915,1.2,1.1,27,9,5,2,1,2,10,4,40,15,42.06170778623637
Fulham,Wolverhampton Wanderers,1.0383268482490273,1.03,1.32,10,10,3,5,1,2,7,2,23,23,44.99215024146019
Ipswich Town,Manchester United,0.9903005509550988,1.59,0.8,11,11,6,4,3,2,4,3,11,16,42.15883242516297
Leicester City,Chelsea,0.929175167589624,1.11,2.75,4,16,1,7,1,4,2,9,9,38,54.25466017513133
Manchester City,Tottenham Hotspur,0.9524656514873768,2.14,2.51,23,9,5,7,4,6,9,3,43,17,74.38321750804135
Newcastle United,West Ham United,0.9874142310170969,1.64,0.81,18,15,2,6,2,0,8,3,40,17,44.51837031386683
Southampton,Liverpool,0.9568356327816697,1.28,3.15,7,27,5,11,3,7,3,10,17,51,79.4890421392538
