HomeTeam,AwayTeam,Occupancy,xG_home,xG_away,Shots_home,Shots_away,ShotsOnTarget_home,ShotsOnTarget_away,BigChances_home,BigChances_away,Corners_home,Corners_away,TouchesOppBox_home,TouchesOppBox_away,SLS_Fplus
AFC Bournemouth,Arsenal,0.93625,1.82,0.68,13,6,4,1,3,2,7,4,28,22,38.90351330633185
Fulham,Aston Villa,1.0405836575875487,1.78,1.68,10,14,4,5,4,2,6,11,24,27,63.97160161028022
Ipswich Town,Everton,0.9851868958463924,1.25,1.74,13,11,2,8,2,3,5,7,24,27,53.720639963874255
Liverpool,Chelsea,0.9836967164958548,1.94,0.99,9,12,5,2,3,3,1,5,17,26,45.51042155609682
Manchester United,Brentford,0.9675379205374481,1.33,0.86,23,8,11,2,3,2,9,2,35,14,48.1362752762634
Newcastle United,Brighton & Hove Albion,0.9898024944084309,2.02,1.12,21,10,6,5,4,4,9,4,45,12,60.36626483141014
Nottingham Forest,Crystal Palace,0.9629447933019362,1.76,0.97,20,20,6,7,3,0,6,6,36,23,53.371098888967126
Southampton,Leicester City,0.952766985836214,2.15,3.21,14,18,7,4,3,4,10,6,29,41,81.1402375445819
Tottenham Hotspur,West Ham United,0.9766268894192522,1.92,0.78,22,11,7,4,2,2,13,5,43,21,56.272659787220256
Wolverhampton Wanderers,Manchester City,0.9045459796672828,0.97,1.62,3,22,2,7,2,0,1,18,4,85,50.76091124117393
