HomeTeam,AwayTeam,Occupancy,xG_home,xG_away,Shots_home,Shots_away,ShotsOnTarget_home,ShotsOnTarget_away,BigChances_home,BigChances_away,Corners_home,Corners_away,TouchesOppBox_home,TouchesOppBox_away,SLS_Fplus
AFC Bournemouth,Brentford,0.9316666666666666,1.67,0.83,17,10,5,4,3,2,4,3,44,26,44.520919302328025
Arsenal,Chelsea,0.9988076114138085,0.71,0.36,12,8,4,2,0,0,5,4,27,10,24.45086315657578
Aston Villa,Liverpool,0.9786568279469456,0.67,2.51,9,17,4,3,2,3,6,8,25,44,55.06773191125715
Everton,West Ham United,0.9697798811900712,1.0,0.83,13,10,5,5,1,1,6,5,29,24,39.563699217548915
Fulham,Tottenham Hotspur,1.0576653696498055,0.97,0.95,13,12,4,4,2,2,6,5,27,26,45.15057884171463
Ipswich Town,Nottingham Forest,0.985714757018904,0.42,1.52,11,11,4,6,0,3,6,3,12,19,37.93758319842521
Leicester City,Manchester United,0.9260565432818421,1.05,0.91,11,18,3,5,3,0,6,4,23,17,33.50039179055436
Manchester City,Brighton & Hove Albion,0.9523386028277402,1.72,2.04,11,15,3,3,4,6,4,5,35,27,57.270149415801065
Newcastle United,Crystal Palace,0.9893665415671556,1.54,2.0,14,11,7,4,5,3,5,4,17,28,59.9897062371673
Southampton,Wolverhampton Wanderers,0.9468016764049069,1.37,0.36,10,5,3,3,3,1,5,1,26,12,28.499368682412275
