HomeTeam,AwayTeam,Occupancy,xG_home,xG_away,Shots_home,Shots_away,ShotsOnTarget_home,ShotsOnTarget_away,BigChances_home,BigChances_away,Corners_home,Corners_away,TouchesOppBox_home,TouchesOppBox_away,SLS_Fplus
Brentford,AFC Bournemouth,0.9851014492753624,1.48,2.61,12,15,6,3,2,3,6,4,29,34,63.28293866307839
Brighton & Hove Albion,Manchester City,0.9950740461847389,2.29,2.22,10,15,4,6,8,5,0,4,20,28,69.44954428348225
Chelsea,Arsenal,0.9507420950742095,1.54,1.55,17,13,3,3,1,4,4,3,22,19,42.99797224554739
Crystal Palace,Fulham,0.9556425557793911,1.52,1.83,13,17,5,7,4,3,1,8,16,32,56.9598036472246
Liverpool,Aston Villa,0.9839415105424636,2.02,1.38,14,12,5,2,4,5,2,9,30,28,57.09603484775284
Manchester United,Leicester City,0.9687319582218024,0.76,0.63,13,6,3,5,1,1,1,5,17,11,26.37202849339105
Nottingham Forest,Newcastle United,0.9859039769754055,0.63,1.7,9,17,3,6,2,2,4,5,17,33,43.90564038008315
Tottenham Hotspur,Ipswich Town,0.9785998408910104,1.55,1.62,17,8,5,3,2,4,12,2,36,23,55.45638579246227
West Ham United,Everton,1.04105,0.83,1.11,11,18,6,4,2,0,7,6,19,26,45.236887784992255
Wolverhampton Wanderers,Southampton,0.9069720425138632,1.26,0.66,8,9,4,0,1,1,1,9,19,19,25.738044728224097
