HomeTeam,AwayTeam,Occupancy,xG_home,xG_away,Shots_home,Shots_away,ShotsOnTarget_home,ShotsOnTarget_away,BigChances_home,BigChances_away,Corners_home,Corners_away,TouchesOppBox_home,TouchesOppBox_away,SLS_Fplus
AFC Bournemouth,Leicester City,0.9365,1.62,0.27,20,3,7,0,3,0,6,1,52,12,34.31158923552714
Fulham,Manchester City,1.0766926070038911,1.28,2.99,13,20,3,5,4,3,1,6,32,46,70.57837564039798
Ipswich Town,West Ham United,0.9821846854277325,0.74,1.08,14,10,4,6,1,1,4,0,33,16,35.86392709878716
Liverpool,Crystal Palace,0.9854102748221163,2.14,1.77,14,8,3,5,4,2,11,0,35,15,59.693020467087386
Manchester United,Aston Villa,0.968863171154149,2.97,0.39,26,6,10,1,3,0,4,3,55,18,56.41876557155065
Newcastle United,Everton,0.9898214488797907,1.27,1.16,17,14,6,6,1,2,12,3,29,13,50.20598252039057
Nottingham Forest,Chelsea,0.9897632129774987,1.2,1.09,10,6,2,2,2,3,7,4,28,11,37.627437439439255
Southampton,Arsenal,0.9571721374162563,0.62,2.39,7,23,2,8,0,4,5,8,17,38,52.436014038798845
Tottenham Hotspur,Brighton & Hove Albion,0.977708830548926,2.03,2.24,4,23,2,8,3,5,2,11,10,47,68.6616788214761
Wolverhampton Wanderers,Brentford,0.9063655268022182,1.04,1.43,18,13,6,7,1,3,8,3,32,27,47.378443232122834
