HomeTeam,AwayTeam,Occupancy,xG_home,xG_away,Shots_home,Shots_away,ShotsOnTarget_home,ShotsOnTarget_away,BigChances_home,BigChances_away,Corners_home,Corners_away,TouchesOppBox_home,TouchesOppBox_away,SLS_Fplus
AFC Bournemouth,Fulham,0.9329166666666666,1.46,1.07,12,12,3,7,2,1,6,9,15,37,46.29341676274238
Arsenal,Brentford,0.9967043704353874,0.96,0.24,14,3,3,2,1,1,13,5,38,16,33.24228131286104
Brighton & Hove Albion,Leicester City,0.9829944779116466,3.91,1.5,21,15,7,6,7,2,3,6,47,24,83.97021518754171
Chelsea,Ipswich Town,0.9513395951339595,2.27,1.07,34,13,9,4,4,3,15,4,56,9,65.9111521640508
Liverpool,West Ham United,0.9853123572034728,1.78,1.5,15,11,6,4,2,4,10,3,37,18,58.29213562596934
Manchester City,Crystal Palace,0.9526652993810916,3.81,1.82,21,8,9,3,12,3,1,4,32,10,80.53346291131635
Newcastle United,Manchester United,0.9904090374919443,2.17,0.72,13,9,6,5,6,2,7,2,39,12,55.00740763829546
Nottingham Forest,Everton,0.9876700680272109,0.52,1.36,10,13,5,5,0,2,1,7,8,29,37.142566875253905
Southampton,Aston Villa,0.938327877879409,0.31,3.03,7,25,2,10,1,6,2,13,8,48,60.20876675803793
Wolverhampton Wanderers,Tottenham Hotspur,0.9087049445471349,2.39,1.96,13,11,5,4,4,2,1,4,20,20,55.035515488589176
