HomeTeam,AwayTeam,Occupancy,xG_home,xG_away,Shots_home,Shots_away,ShotsOnTarget_home,ShotsOnTarget_away,BigChances_home,BigChances_away,Corners_home,Corners_away,TouchesOppBox_home,TouchesOppBox_away,SLS_Fplus
AFC Bournemouth,Manchester United,0.93675,0.53,2.52,8,25,1,6,1,2,5,10,14,44,48.44161570964746
Arsenal,Crystal Palace,0.9964228342414255,1.18,1.81,12,15,6,4,4,5,3,6,23,25,55.349170876780946
Brighton & Hove Albion,West Ham United,0.988296937751004,1.31,1.27,16,12,9,4,2,2,8,1,39,24,53.40874542354534
Chelsea,Everton,0.9534666953466695,0.88,0.44,10,6,7,3,1,2,10,2,19,11,31.568318732744775
Liverpool,Tottenham Hotspur,0.9859488217246557,2.28,0.46,25,8,8,3,2,1,8,2,37,17,50.61907438745715
Manchester City,Aston Villa,0.9472748062507941,1.33,1.76,14,7,6,3,3,3,10,2,25,23,51.11096924892493
Newcastle United,Ipswich Town,0.9888737253118011,2.85,0.1,25,4,5,0,6,0,11,2,68,6,52.068922250366555
Nottingham Forest,Brentford,0.9497645211930926,0.9,1.29,14,11,5,3,0,3,4,5,35,23,39.40278244173762
Southampton,Fulham,0.8854966502493193,0.63,2.42,7,26,3,5,1,1,0,13,13,39,43.62559032889229
Wolverhampton Wanderers,Leicester City,0.910293438077634,2.02,1.15,20,8,6,2,2,1,4,2,28,15,41.817986840661206
