HomeTeam,AwayTeam,Occupancy,xG_home,xG_away,Shots_home,Shots_away,ShotsOnTarget_home,ShotsOnTarget_away,BigChances_home,BigChances_away,Corners_home,Corners_away,TouchesOppBox_home,TouchesOppBox_away,SLS_Fplus
Arsenal,Aston Villa,0.9947667389828263,1.33,1.04,18,8,6,4,2,2,10,1,37,14,47.381691933020356
Brentford,Liverpool,0.9979710144927536,0.72,3.43,11,37,6,8,2,4,2,15,24,61,78.95908886980223
Chelsea,Wolverhampton Wanderers,0.9373819937381994,3.2,0.81,19,9,7,4,4,1,3,6,52,18,62.39464947509315
Everton,Tottenham Hotspur,0.9693608420222337,1.95,1.12,12,11,6,6,5,2,3,8,25,23,56.40566074571277
Ipswich Town,Manchester City,0.9844940780574709,0.58,3.03,8,17,4,9,1,6,4,7,14,42,64.86625116835665
Leicester City,Fulham,0.9180996793937628,0.47,2.19,8,17,4,2,1,4,5,2,29,33,40.059767423217096
Manchester United,Brighton & Hove Albion,0.9678003464021414,1.48,1.93,10,6,1,3,1,4,4,2,29,26,46.13751886284894
Newcastle United,AFC Bournemouth,0.9899351757079495,0.79,2.26,13,19,5,10,1,4,7,6,34,36,64.36622198193156
Nottingham Forest,Southampton,0.9870486656200942,2.05,0.89,14,10,5,4,4,2,2,8,26,24,51.61666243277027
West Ham United,Crystal Palace,1.04115,0.28,1.32,7,12,0,7,0,2,2,4,16,17,32.66225614364555
