HomeTeam,AwayTeam,Occupancy,xG_home,xG_away,Shots_home,Shots_away,ShotsOnTarget_home,ShotsOnTarget_away,BigChances_home,BigChances_away,Corners_home,Corners_away,TouchesOppBox_home,TouchesOppBox_away,SLS_Fplus
Arsenal,Liverpool,1.0,0.92,0.81,9,9,3,4,2,2,1,3,33,27,35.600532966122415
Aston Villa,AFC Bournemouth,0.9854398429466206,1.81,0.31,18,10,8,3,3,0,9,7,34,17,47.71940658401879
Brentford,Ipswich Town,0.9918260869565217,4.1,1.3,20,11,9,5,7,4,4,5,31,20,84.17426904219634
Brighton & Hove Albion,Wolverhampton Wanderers,0.9877008032128514,1.31,1.36,19,14,6,7,2,1,9,6,35,31,57.193265294307785
Chelsea,Newcastle United,0.9446714944671495,1.61,1.81,17,11,7,3,1,3,7,4,31,24,54.26545552167335
Crystal Palace,Tottenham Hotspur,0.9570869284275343,0.78,0.74,14,11,6,3,1,2,8,8,24,25,37.46867924728779
Everton,Fulham,0.9549656141388745,0.79,1.26,10,14,5,3,1,1,4,2,17,23,33.33642172677736
Leicester City,Nottingham Forest,0.9291460215680559,0.76,1.73,11,20,1,5,1,4,6,7,27,30,41.76278093104314
Manchester City,Southampton,0.9591084814055212,2.95,0.21,22,5,8,2,4,1,12,1,54,14,56.6691601704116
West Ham United,Manchester United,1.0412333333333332,3.0,2.34,12,18,3,5,4,5,6,5,30,33,80.7846764414278
