HomeTeam,AwayTeam,Occupancy,xG_home,xG_away,Shots_home,Shots_away,ShotsOnTarget_home,ShotsOnTarget_away,BigChances_home,BigChances_away,Corners_home,Corners_away,TouchesOppBox_home,TouchesOppBox_away,SLS_Fplus
Manchester United,Fulham,0.9617514302209625,2.43,0.44,14,10,5,2,4,0,7,8,22,22,47.07709218780084
Ipswich Town,Liverpool,0.9902015769852529,0.45,2.65,7,18,2,5,0,6,2,10,17,50,54.45255910938344
Arsenal,Wolverhampton Wanderers,0.9979795637845089,1.24,0.47,18,9,6,3,2,1,8,2,50,18,41.574292354804
Everton,Brighton & Hove Albion,0.9666740614755108,0.45,1.43,9,10,1,5,0,2,1,5,18,29,31.097752432007628
Newcastle United,Southampton,0.9893475870957958,0.25,1.77,3,19,1,4,1,3,3,12,14,48,41.34073388736579
Nottingham Forest,AFC Bournemouth,0.9734105180533752,1.3,1.22,14,13,8,4,1,3,2,6,29,23,48.36656678432154
West Ham United,Aston Villa,1.04105,2.46,2.03,14,15,3,3,4,4,5,3,26,23,65.9160714272694
Brentford,Crystal Palace,0.9848115942028985,1.59,1.17,9,14,5,6,3,1,4,7,13,21,48.96666259325799
Chelsea,Manchester City,0.9516502951650295,1.01,0.77,10,11,3,5,1,1,4,3,26,27,33.16489033784839
Leicester City,Tottenham Hotspur,0.9320023316817254,1.05,1.18,7,15,3,7,2,2,2,13,11,62,47.42383014218103
